"Correlation_Id","Dispatch_Id","Agent_Id","Queue_Id","Process_Id","Thread_Id","Grid_Size","Kernel_Id","Kernel_Name","Workgroup_Size","LDS_Block_Size","Scratch_Size","VGPR_Count","Accum_VGPR_Count","SGPR_Count","Counter_Name","Counter_Value","Start_Timestamp","End_Timestamp"
1,1,"Agent 2",1,106370,106370,104857600,1,"void thrust::THRUST_200700_400000_NS::hip_rocprim::__parallel_for::kernel<256u, thrust::THRUST_200700_400000_NS::hip_rocprim::__uninitialized_fill::functor<thrust::THRUST_200700_400000_NS::device_ptr<unsigned char>, unsigned char>, unsigned long, 1u>(thrust::THRUST_200700_400000_NS::hip_rocprim::__uninitialized_fill::functor<thrust::THRUST_200700_400000_NS::device_ptr<unsigned char>, unsigned char>, unsigned long, unsigned long)",256,0,0,4,4,16,"GRBM_GUI_ACTIVE",3453451.000000,6289526252788,6289526451995
1,1,"Agent 2",1,106370,106370,104857600,1,"void thrust::THRUST_200700_400000_NS::hip_rocprim::__parallel_for::kernel<256u, thrust::THRUST_200700_400000_NS::hip_rocprim::__uninitialized_fill::functor<thrust::THRUST_200700_400000_NS::device_ptr<unsigned char>, unsigned char>, unsigned long, 1u>(thrust::THRUST_200700_400000_NS::hip_rocprim::__uninitialized_fill::functor<thrust::THRUST_200700_400000_NS::device_ptr<unsigned char>, unsigned char>, unsigned long, unsigned long)",256,0,0,4,4,16,"OccupancyPercent",19.563574,6289526252788,6289526451995
1,1,"Agent 2",1,106370,106370,104857600,1,"void thrust::THRUST_200700_400000_NS::hip_rocprim::__parallel_for::kernel<256u, thrust::THRUST_200700_400000_NS::hip_rocprim::__uninitialized_fill::functor<thrust::THRUST_200700_400000_NS::device_ptr<unsigned char>, unsigned char>, unsigned long, 1u>(thrust::THRUST_200700_400000_NS::hip_rocprim::__uninitialized_fill::functor<thrust::THRUST_200700_400000_NS::device_ptr<unsigned char>, unsigned char>, unsigned long, unsigned long)",256,0,0,4,4,16,"MemUnitStalled",1.90429147e-01,6289526252788,6289526451995
1,1,"Agent 2",1,106370,106370,104857600,1,"void thrust::THRUST_200700_400000_NS::hip_rocprim::__parallel_for::kernel<256u, thrust::THRUST_200700_400000_NS::hip_rocprim::__uninitialized_fill::functor<thrust::THRUST_200700_400000_NS::device_ptr<unsigned char>, unsigned char>, unsigned long, 1u>(thrust::THRUST_200700_400000_NS::hip_rocprim::__uninitialized_fill::functor<thrust::THRUST_200700_400000_NS::device_ptr<unsigned char>, unsigned char>, unsigned long, unsigned long)",256,0,0,4,4,16,"SQ_BUSY_CYCLES",13142533.000000,6289526252788,6289526451995
1,1,"Agent 2",1,106370,106370,104857600,1,"void thrust::THRUST_200700_400000_NS::hip_rocprim::__parallel_for::kernel<256u, thrust::THRUST_200700_400000_NS::hip_rocprim::__uninitialized_fill::functor<thrust::THRUST_200700_400000_NS::device_ptr<unsigned char>, unsigned char>, unsigned long, 1u>(thrust::THRUST_200700_400000_NS::hip_rocprim::__uninitialized_fill::functor<thrust::THRUST_200700_400000_NS::device_ptr<unsigned char>, unsigned char>, unsigned long, unsigned long)",256,0,0,4,4,16,"SQ_WAVES",1638400.000000,6289526252788,6289526451995
1,1,"Agent 2",1,106370,106370,104857600,1,"void thrust::THRUST_200700_400000_NS::hip_rocprim::__parallel_for::kernel<256u, thrust::THRUST_200700_400000_NS::hip_rocprim::__uninitialized_fill::functor<thrust::THRUST_200700_400000_NS::device_ptr<unsigned char>, unsigned char>, unsigned long, 1u>(thrust::THRUST_200700_400000_NS::hip_rocprim::__uninitialized_fill::functor<thrust::THRUST_200700_400000_NS::device_ptr<unsigned char>, unsigned char>, unsigned long, unsigned long)",256,0,0,4,4,16,"VALUUtilization",100.000000,6289526252788,6289526451995
2,2,"Agent 2",1,106370,106370,1024,8,"__amd_rocclr_copyBuffer",512,0,0,16,0,32,"GRBM_GUI_ACTIVE",291570.000000,6289526709653,6289526713381
2,2,"Agent 2",1,106370,106370,1024,8,"__amd_rocclr_copyBuffer",512,0,0,16,0,32,"OccupancyPercent",2.32393584e-02,6289526709653,6289526713381
2,2,"Agent 2",1,106370,106370,1024,8,"__amd_rocclr_copyBuffer",512,0,0,16,0,32,"MemUnitStalled",9.83701449e-03,6289526709653,6289526713381
2,2,"Agent 2",1,106370,106370,1024,8,"__amd_rocclr_copyBuffer",512,0,0,16,0,32,"SQ_BUSY_CYCLES",12999.000000,6289526709653,6289526713381
2,2,"Agent 2",1,106370,106370,1024,8,"__amd_rocclr_copyBuffer",512,0,0,16,0,32,"SQ_WAVES",16.000000,6289526709653,6289526713381
2,2,"Agent 2",1,106370,106370,1024,8,"__amd_rocclr_copyBuffer",512,0,0,16,0,32,"VALUUtilization",98.148148,6289526709653,6289526713381
3,3,"Agent 2",1,106370,106370,1024,8,"__amd_rocclr_copyBuffer",512,0,0,16,0,32,"GRBM_GUI_ACTIVE",283128.000000,6289526910584,6289526914392
3,3,"Agent 2",1,106370,106370,1024,8,"__amd_rocclr_copyBuffer",512,0,0,16,0,32,"OccupancyPercent",2.38117625e-02,6289526910584,6289526914392
3,3,"Agent 2",1,106370,106370,1024,8,"__amd_rocclr_copyBuffer",512,0,0,16,0,32,"MemUnitStalled",1.07017662e-02,6289526910584,6289526914392
3,3,"Agent 2",1,106370,106370,1024,8,"__amd_rocclr_copyBuffer",512,0,0,16,0,32,"SQ_BUSY_CYCLES",12835.000000,6289526910584,6289526914392
3,3,"Agent 2",1,106370,106370,1024,8,"__amd_rocclr_copyBuffer",512,0,0,16,0,32,"SQ_WAVES",16.000000,6289526910584,6289526914392
3,3,"Agent 2",1,106370,106370,1024,8,"__amd_rocclr_copyBuffer",512,0,0,16,0,32,"VALUUtilization",98.148148,6289526910584,6289526914392
4,4,"Agent 2",1,106370,106370,1024,8,"__amd_rocclr_copyBuffer",512,0,0,16,0,32,"GRBM_GUI_ACTIVE",266030.000000,6289580209445,6289580212291
4,4,"Agent 2",1,106370,106370,1024,8,"__amd_rocclr_copyBuffer",512,0,0,16,0,32,"OccupancyPercent",1.39745583e-02,6289580209445,6289580212291
4,4,"Agent 2",1,106370,106370,1024,8,"__amd_rocclr_copyBuffer",512,0,0,16,0,32,"MemUnitStalled",9.14420908e-02,6289580209445,6289580212291
4,4,"Agent 2",1,106370,106370,1024,8,"__amd_rocclr_copyBuffer",512,0,0,16,0,32,"SQ_BUSY_CYCLES",7102.000000,6289580209445,6289580212291
4,4,"Agent 2",1,106370,106370,1024,8,"__amd_rocclr_copyBuffer",512,0,0,16,0,32,"SQ_WAVES",16.000000,6289580209445,6289580212291
4,4,"Agent 2",1,106370,106370,1024,8,"__amd_rocclr_copyBuffer",512,0,0,16,0,32,"VALUUtilization",98.148148,6289580209445,6289580212291
5,5,"Agent 2",1,106370,106370,105280000,1,"void thrust::THRUST_200700_400000_NS::hip_rocprim::__parallel_for::kernel<256u, thrust::THRUST_200700_400000_NS::hip_rocprim::__uninitialized_fill::functor<thrust::THRUST_200700_400000_NS::device_ptr<unsigned char>, unsigned char>, unsigned long, 1u>(thrust::THRUST_200700_400000_NS::hip_rocprim::__uninitialized_fill::functor<thrust::THRUST_200700_400000_NS::device_ptr<unsigned char>, unsigned char>, unsigned long, unsigned long)",256,0,0,4,4,16,"GRBM_GUI_ACTIVE",3480486.000000,6289599768803,6289599968331
5,5,"Agent 2",1,106370,106370,105280000,1,"void thrust::THRUST_200700_400000_NS::hip_rocprim::__parallel_for::kernel<256u, thrust::THRUST_200700_400000_NS::hip_rocprim::__uninitialized_fill::functor<thrust::THRUST_200700_400000_NS::device_ptr<unsigned char>, unsigned char>, unsigned long, 1u>(thrust::THRUST_200700_400000_NS::hip_rocprim::__uninitialized_fill::functor<thrust::THRUST_200700_400000_NS::device_ptr<unsigned char>, unsigned char>, unsigned long, unsigned long)",256,0,0,4,4,16,"OccupancyPercent",19.315726,6289599768803,6289599968331
5,5,"Agent 2",1,106370,106370,105280000,1,"void thrust::THRUST_200700_400000_NS::hip_rocprim::__parallel_for::kernel<256u, thrust::THRUST_200700_400000_NS::hip_rocprim::__uninitialized_fill::functor<thrust::THRUST_200700_400000_NS::device_ptr<unsigned char>, unsigned char>, unsigned long, 1u>(thrust::THRUST_200700_400000_NS::hip_rocprim::__uninitialized_fill::functor<thrust::THRUST_200700_400000_NS::device_ptr<unsigned char>, unsigned char>, unsigned long, unsigned long)",256,0,0,4,4,16,"MemUnitStalled",1.81285258e-01,6289599768803,6289599968331
5,5,"Agent 2",1,106370,106370,105280000,1,"void thrust::THRUST_200700_400000_NS::hip_rocprim::__parallel_for::kernel<256u, thrust::THRUST_200700_400000_NS::hip_rocprim::__uninitialized_fill::functor<thrust::THRUST_200700_400000_NS::device_ptr<unsigned char>, unsigned char>, unsigned long, 1u>(thrust::THRUST_200700_400000_NS::hip_rocprim::__uninitialized_fill::functor<thrust::THRUST_200700_400000_NS::device_ptr<unsigned char>, unsigned char>, unsigned long, unsigned long)",256,0,0,4,4,16,"SQ_BUSY_CYCLES",13185307.000000,6289599768803,6289599968331
5,5,"Agent 2",1,106370,106370,105280000,1,"void thrust::THRUST_200700_400000_NS::hip_rocprim::__parallel_for::kernel<256u, thrust::THRUST_200700_400000_NS::hip_rocprim::__uninitialized_fill::functor<thrust::THRUST_200700_400000_NS::device_ptr<unsigned char>, unsigned char>, unsigned long, 1u>(thrust::THRUST_200700_400000_NS::hip_rocprim::__uninitialized_fill::functor<thrust::THRUST_200700_400000_NS::device_ptr<unsigned char>, unsigned char>, unsigned long, unsigned long)",256,0,0,4,4,16,"SQ_WAVES",1645000.000000,6289599768803,6289599968331
5,5,"Agent 2",1,106370,106370,105280000,1,"void thrust::THRUST_200700_400000_NS::hip_rocprim::__parallel_for::kernel<256u, thrust::THRUST_200700_400000_NS::hip_rocprim::__uninitialized_fill::functor<thrust::THRUST_200700_400000_NS::device_ptr<unsigned char>, unsigned char>, unsigned long, 1u>(thrust::THRUST_200700_400000_NS::hip_rocprim::__uninitialized_fill::functor<thrust::THRUST_200700_400000_NS::device_ptr<unsigned char>, unsigned char>, unsigned long, unsigned long)",256,0,0,4,4,16,"VALUUtilization",100.000000,6289599768803,6289599968331
6,6,"Agent 2",1,106370,106370,1024,8,"__amd_rocclr_copyBuffer",512,0,0,16,0,32,"GRBM_GUI_ACTIVE",298163.000000,6289600170145,6289600174154
6,6,"Agent 2",1,106370,106370,1024,8,"__amd_rocclr_copyBuffer",512,0,0,16,0,32,"OccupancyPercent",1.97698076e-02,6289600170145,6289600174154
6,6,"Agent 2",1,106370,106370,1024,8,"__amd_rocclr_copyBuffer",512,0,0,16,0,32,"MemUnitStalled",8.07927610e-03,6289600170145,6289600174154
6,6,"Agent 2",1,106370,106370,1024,8,"__amd_rocclr_copyBuffer",512,0,0,16,0,32,"SQ_BUSY_CYCLES",11240.000000,6289600170145,6289600174154
6,6,"Agent 2",1,106370,106370,1024,8,"__amd_rocclr_copyBuffer",512,0,0,16,0,32,"SQ_WAVES",16.000000,6289600170145,6289600174154
6,6,"Agent 2",1,106370,106370,1024,8,"__amd_rocclr_copyBuffer",512,0,0,16,0,32,"VALUUtilization",98.148148,6289600170145,6289600174154
7,7,"Agent 2",1,106370,106370,1024,8,"__amd_rocclr_copyBuffer",512,0,0,16,0,32,"GRBM_GUI_ACTIVE",364889.000000,6289600282798,6289600291297
7,7,"Agent 2",1,106370,106370,1024,8,"__amd_rocclr_copyBuffer",512,0,0,16,0,32,"OccupancyPercent",1.40359927e-02,6289600282798,6289600291297
7,7,"Agent 2",1,106370,106370,1024,8,"__amd_rocclr_copyBuffer",512,0,0,16,0,32,"MemUnitStalled",7.80938281e-03,6289600282798,6289600291297
7,7,"Agent 2",1,106370,106370,1024,8,"__amd_rocclr_copyBuffer",512,0,0,16,0,32,"SQ_BUSY_CYCLES",9559.000000,6289600282798,6289600291297
7,7,"Agent 2",1,106370,106370,1024,8,"__amd_rocclr_copyBuffer",512,0,0,16,0,32,"SQ_WAVES",16.000000,6289600282798,6289600291297
7,7,"Agent 2",1,106370,106370,1024,8,"__amd_rocclr_copyBuffer",512,0,0,16,0,32,"VALUUtilization",98.148148,6289600282798,6289600291297
8,8,"Agent 2",2,106370,106370,102400,14,"void arcto::lowlevel::lz4CompressBatchKernel<unsigned char>(unsigned char const* const*, unsigned long const*, unsigned char* const*, unsigned long*, unsigned short*, unsigned int, unsigned long)",256,1024,0,68,4,64,"GRBM_GUI_ACTIVE",346087263.000000,6289601313943,6289622891271
8,8,"Agent 2",2,106370,106370,102400,14,"void arcto::lowlevel::lz4CompressBatchKernel<unsigned char>(unsigned char const* const*, unsigned long const*, unsigned char* const*, unsigned long*, unsigned short*, unsigned int, unsigned long)",256,1024,0,68,4,64,"OccupancyPercent",9.240140,6289601313943,6289622891271
8,8,"Agent 2",2,106370,106370,102400,14,"void arcto::lowlevel::lz4CompressBatchKernel<unsigned char>(unsigned char const* const*, unsigned long const*, unsigned char* const*, unsigned long*, unsigned short*, unsigned int, unsigned long)",256,1024,0,68,4,64,"MemUnitStalled",2.99915347e-02,6289601313943,6289622891271
8,8,"Agent 2",2,106370,106370,102400,14,"void arcto::lowlevel::lz4CompressBatchKernel<unsigned char>(unsigned char const* const*, unsigned long const*, unsigned char* const*, unsigned long*, unsigned short*, unsigned int, unsigned long)",256,1024,0,68,4,64,"SQ_BUSY_CYCLES",962902481.000000,6289601313943,6289622891271
8,8,"Agent 2",2,106370,106370,102400,14,"void arcto::lowlevel::lz4CompressBatchKernel<unsigned char>(unsigned char const* const*, unsigned long const*, unsigned char* const*, unsigned long*, unsigned short*, unsigned int, unsigned long)",256,1024,0,68,4,64,"SQ_WAVES",1600.000000,6289601313943,6289622891271
8,8,"Agent 2",2,106370,106370,102400,14,"void arcto::lowlevel::lz4CompressBatchKernel<unsigned char>(unsigned char const* const*, unsigned long const*, unsigned char* const*, unsigned long*, unsigned short*, unsigned int, unsigned long)",256,1024,0,68,4,64,"VALUUtilization",94.539163,6289601313943,6289622891271
9,9,"Agent 2",1,106370,106370,1024,8,"__amd_rocclr_copyBuffer",512,0,0,16,0,32,"GRBM_GUI_ACTIVE",276673.000000,6289623195033,6289623197959
9,9,"Agent 2",1,106370,106370,1024,8,"__amd_rocclr_copyBuffer",512,0,0,16,0,32,"OccupancyPercent",1.43290598e-02,6289623195033,6289623197959
9,9,"Agent 2",1,106370,106370,1024,8,"__amd_rocclr_copyBuffer",512,0,0,16,0,32,"MemUnitStalled",7.05766171e-02,6289623195033,6289623197959
9,9,"Agent 2",1,106370,106370,1024,8,"__amd_rocclr_copyBuffer",512,0,0,16,0,32,"SQ_BUSY_CYCLES",7322.000000,6289623195033,6289623197959
9,9,"Agent 2",1,106370,106370,1024,8,"__amd_rocclr_copyBuffer",512,0,0,16,0,32,"SQ_WAVES",16.000000,6289623195033,6289623197959
9,9,"Agent 2",1,106370,106370,1024,8,"__amd_rocclr_copyBuffer",512,0,0,16,0,32,"VALUUtilization",98.148148,6289623195033,6289623197959
10,10,"Agent 2",1,106370,106370,1024,8,"__amd_rocclr_copyBuffer",512,0,0,16,0,32,"GRBM_GUI_ACTIVE",287023.000000,6289625076377,6289625080426
10,10,"Agent 2",1,106370,106370,1024,8,"__amd_rocclr_copyBuffer",512,0,0,16,0,32,"OccupancyPercent",2.00556011e-02,6289625076377,6289625080426
10,10,"Agent 2",1,106370,106370,1024,8,"__amd_rocclr_copyBuffer",512,0,0,16,0,32,"MemUnitStalled",8.69605779e-02,6289625076377,6289625080426
10,10,"Agent 2",1,106370,106370,1024,8,"__amd_rocclr_copyBuffer",512,0,0,16,0,32,"SQ_BUSY_CYCLES",10823.000000,6289625076377,6289625080426
10,10,"Agent 2",1,106370,106370,1024,8,"__amd_rocclr_copyBuffer",512,0,0,16,0,32,"SQ_WAVES",16.000000,6289625076377,6289625080426
10,10,"Agent 2",1,106370,106370,1024,8,"__amd_rocclr_copyBuffer",512,0,0,16,0,32,"VALUUtilization",98.148148,6289625076377,6289625080426
11,11,"Agent 2",2,106370,106370,102400,15,"arcto::lowlevel::lz4DecompressBatchKernel(unsigned char const* const*, unsigned long const*, unsigned long const*, unsigned long, unsigned char* const*, unsigned long*, arctoStatus_t*, bool)",128,1024,0,68,4,80,"GRBM_GUI_ACTIVE",25146625.000000,6289625180731,6289626670156
11,11,"Agent 2",2,106370,106370,102400,15,"arcto::lowlevel::lz4DecompressBatchKernel(unsigned char const* const*, unsigned long const*, unsigned long const*, unsigned long, unsigned char* const*, unsigned long*, arctoStatus_t*, bool)",128,1024,0,68,4,80,"OccupancyPercent",3.582580,6289625180731,6289626670156
11,11,"Agent 2",2,106370,106370,102400,15,"arcto::lowlevel::lz4DecompressBatchKernel(unsigned char const* const*, unsigned long const*, unsigned long const*, unsigned long, unsigned char* const*, unsigned long*, arctoStatus_t*, bool)",128,1024,0,68,4,80,"MemUnitStalled",5.18314507e-02,6289625180731,6289626670156
11,11,"Agent 2",2,106370,106370,102400,15,"arcto::lowlevel::lz4DecompressBatchKernel(unsigned char const* const*, unsigned long const*, unsigned long const*, unsigned long, unsigned char* const*, unsigned long*, arctoStatus_t*, bool)",128,1024,0,68,4,80,"SQ_BUSY_CYCLES",49503694.000000,6289625180731,6289626670156
11,11,"Agent 2",2,106370,106370,102400,15,"arcto::lowlevel::lz4DecompressBatchKernel(unsigned char const* const*, unsigned long const*, unsigned long const*, unsigned long, unsigned char* const*, unsigned long*, arctoStatus_t*, bool)",128,1024,0,68,4,80,"SQ_WAVES",1600.000000,6289625180731,6289626670156
11,11,"Agent 2",2,106370,106370,102400,15,"arcto::lowlevel::lz4DecompressBatchKernel(unsigned char const* const*, unsigned long const*, unsigned long const*, unsigned long, unsigned char* const*, unsigned long*, arctoStatus_t*, bool)",128,1024,0,68,4,80,"VALUUtilization",96.767894,6289625180731,6289626670156
12,12,"Agent 2",1,106370,106370,1024,8,"__amd_rocclr_copyBuffer",512,0,0,16,0,32,"GRBM_GUI_ACTIVE",256341.000000,6289626811032,6289626813718
12,12,"Agent 2",1,106370,106370,1024,8,"__amd_rocclr_copyBuffer",512,0,0,16,0,32,"OccupancyPercent",1.24230279e-02,6289626811032,6289626813718
12,12,"Agent 2",1,106370,106370,1024,8,"__amd_rocclr_copyBuffer",512,0,0,16,0,32,"MemUnitStalled",1.10064522e-02,6289626811032,6289626813718
12,12,"Agent 2",1,106370,106370,1024,8,"__amd_rocclr_copyBuffer",512,0,0,16,0,32,"SQ_BUSY_CYCLES",5815.000000,6289626811032,6289626813718
12,12,"Agent 2",1,106370,106370,1024,8,"__amd_rocclr_copyBuffer",512,0,0,16,0,32,"SQ_WAVES",16.000000,6289626811032,6289626813718
12,12,"Agent 2",1,106370,106370,1024,8,"__amd_rocclr_copyBuffer",512,0,0,16,0,32,"VALUUtilization",98.148148,6289626811032,6289626813718
13,13,"Agent 2",1,106370,106370,512,8,"__amd_rocclr_copyBuffer",512,0,0,16,0,32,"GRBM_GUI_ACTIVE",262582.000000,6289626915346,6289626918032
13,13,"Agent 2",1,106370,106370,512,8,"__amd_rocclr_copyBuffer",512,0,0,16,0,32,"OccupancyPercent",6.50102296e-03,6289626915346,6289626918032
13,13,"Agent 2",1,106370,106370,512,8,"__amd_rocclr_copyBuffer",512,0,0,16,0,32,"MemUnitStalled",9.75326866e-03,6289626915346,6289626918032
13,13,"Agent 2",1,106370,106370,512,8,"__amd_rocclr_copyBuffer",512,0,0,16,0,32,"SQ_BUSY_CYCLES",3136.000000,6289626915346,6289626918032
13,13,"Agent 2",1,106370,106370,512,8,"__amd_rocclr_copyBuffer",512,0,0,16,0,32,"SQ_WAVES",8.000000,6289626915346,6289626918032
13,13,"Agent 2",1,106370,106370,512,8,"__amd_rocclr_copyBuffer",512,0,0,16,0,32,"VALUUtilization",94.642857,6289626915346,6289626918032
14,14,"Agent 2",1,106370,106370,105280000,1,"void thrust::THRUST_200700_400000_NS::hip_rocprim::__parallel_for::kernel<256u, thrust::THRUST_200700_400000_NS::hip_rocprim::__uninitialized_fill::functor<thrust::THRUST_200700_400000_NS::device_ptr<unsigned char>, unsigned char>, unsigned long, 1u>(thrust::THRUST_200700_400000_NS::hip_rocprim::__uninitialized_fill::functor<thrust::THRUST_200700_400000_NS::device_ptr<unsigned char>, unsigned char>, unsigned long, unsigned long)",256,0,0,4,4,16,"GRBM_GUI_ACTIVE",3498583.000000,6289632396222,6289632595911
14,14,"Agent 2",1,106370,106370,105280000,1,"void thrust::THRUST_200700_400000_NS::hip_rocprim::__parallel_for::kernel<256u, thrust::THRUST_200700_400000_NS::hip_rocprim::__uninitialized_fill::functor<thrust::THRUST_200700_400000_NS::device_ptr<unsigned char>, unsigned char>, unsigned long, 1u>(thrust::THRUST_200700_400000_NS::hip_rocprim::__uninitialized_fill::functor<thrust::THRUST_200700_400000_NS::device_ptr<unsigned char>, unsigned char>, unsigned long, unsigned long)",256,0,0,4,4,16,"OccupancyPercent",19.324125,6289632396222,6289632595911
14,14,"Agent 2",1,106370,106370,105280000,1,"void thrust::THRUST_200700_400000_NS::hip_rocprim::__parallel_for::kernel<256u, thrust::THRUST_200700_400000_NS::hip_rocprim::__uninitialized_fill::functor<thrust::THRUST_200700_400000_NS::device_ptr<unsigned char>, unsigned char>, unsigned long, 1u>(thrust::THRUST_200700_400000_NS::hip_rocprim::__uninitialized_fill::functor<thrust::THRUST_200700_400000_NS::device_ptr<unsigned char>, unsigned char>, unsigned long, unsigned long)",256,0,0,4,4,16,"MemUnitStalled",1.82796678e-01,6289632396222,6289632595911
14,14,"Agent 2",1,106370,106370,105280000,1,"void thrust::THRUST_200700_400000_NS::hip_rocprim::__parallel_for::kernel<256u, thrust::THRUST_200700_400000_NS::hip_rocprim::__uninitialized_fill::functor<thrust::THRUST_200700_400000_NS::device_ptr<unsigned char>, unsigned char>, unsigned long, 1u>(thrust::THRUST_200700_400000_NS::hip_rocprim::__uninitialized_fill::functor<thrust::THRUST_200700_400000_NS::device_ptr<unsigned char>, unsigned char>, unsigned long, unsigned long)",256,0,0,4,4,16,"SQ_BUSY_CYCLES",13198253.000000,6289632396222,6289632595911
14,14,"Agent 2",1,106370,106370,105280000,1,"void thrust::THRUST_200700_400000_NS::hip_rocprim::__parallel_for::kernel<256u, thrust::THRUST_200700_400000_NS::hip_rocprim::__uninitialized_fill::functor<thrust::THRUST_200700_400000_NS::device_ptr<unsigned char>, unsigned char>, unsigned long, 1u>(thrust::THRUST_200700_400000_NS::hip_rocprim::__uninitialized_fill::functor<thrust::THRUST_200700_400000_NS::device_ptr<unsigned char>, unsigned char>, unsigned long, unsigned long)",256,0,0,4,4,16,"SQ_WAVES",1645000.000000,6289632396222,6289632595911
14,14,"Agent 2",1,106370,106370,105280000,1,"void thrust::THRUST_200700_400000_NS::hip_rocprim::__parallel_for::kernel<256u, thrust::THRUST_200700_400000_NS::hip_rocprim::__uninitialized_fill::functor<thrust::THRUST_200700_400000_NS::device_ptr<unsigned char>, unsigned char>, unsigned long, 1u>(thrust::THRUST_200700_400000_NS::hip_rocprim::__uninitialized_fill::functor<thrust::THRUST_200700_400000_NS::device_ptr<unsigned char>, unsigned char>, unsigned long, unsigned long)",256,0,0,4,4,16,"VALUUtilization",100.000000,6289632396222,6289632595911
15,15,"Agent 2",1,106370,106370,1024,8,"__amd_rocclr_copyBuffer",512,0,0,16,0,32,"GRBM_GUI_ACTIVE",287717.000000,6289632890051,6289632894301
15,15,"Agent 2",1,106370,106370,1024,8,"__amd_rocclr_copyBuffer",512,0,0,16,0,32,"OccupancyPercent",2.09948783e-02,6289632890051,6289632894301
15,15,"Agent 2",1,106370,106370,1024,8,"__amd_rocclr_copyBuffer",512,0,0,16,0,32,"MemUnitStalled",8.56095399e-03,6289632890051,6289632894301
15,15,"Agent 2",1,106370,106370,1024,8,"__amd_rocclr_copyBuffer",512,0,0,16,0,32,"SQ_BUSY_CYCLES",11287.000000,6289632890051,6289632894301
15,15,"Agent 2",1,106370,106370,1024,8,"__amd_rocclr_copyBuffer",512,0,0,16,0,32,"SQ_WAVES",16.000000,6289632890051,6289632894301
15,15,"Agent 2",1,106370,106370,1024,8,"__amd_rocclr_copyBuffer",512,0,0,16,0,32,"VALUUtilization",98.148148,6289632890051,6289632894301
16,16,"Agent 2",1,106370,106370,1024,8,"__amd_rocclr_copyBuffer",512,0,0,16,0,32,"GRBM_GUI_ACTIVE",277826.000000,6289632997974,6289633001702
16,16,"Agent 2",1,106370,106370,1024,8,"__amd_rocclr_copyBuffer",512,0,0,16,0,32,"OccupancyPercent",1.78028521e-02,6289632997974,6289633001702
16,16,"Agent 2",1,106370,106370,1024,8,"__amd_rocclr_copyBuffer",512,0,0,16,0,32,"MemUnitStalled",1.33920095e-02,6289632997974,6289633001702
16,16,"Agent 2",1,106370,106370,1024,8,"__amd_rocclr_copyBuffer",512,0,0,16,0,32,"SQ_BUSY_CYCLES",9475.000000,6289632997974,6289633001702
16,16,"Agent 2",1,106370,106370,1024,8,"__amd_rocclr_copyBuffer",512,0,0,16,0,32,"SQ_WAVES",16.000000,6289632997974,6289633001702
16,16,"Agent 2",1,106370,106370,1024,8,"__amd_rocclr_copyBuffer",512,0,0,16,0,32,"VALUUtilization",98.148148,6289632997974,6289633001702
17,17,"Agent 2",2,106370,106370,102400,14,"void arcto::lowlevel::lz4CompressBatchKernel<unsigned char>(unsigned char const* const*, unsigned long const*, unsigned char* const*, unsigned long*, unsigned short*, unsigned int, unsigned long)",256,1024,0,68,4,64,"GRBM_GUI_ACTIVE",346879655.000000,6289633100444,6289654798683
17,17,"Agent 2",2,106370,106370,102400,14,"void arcto::lowlevel::lz4CompressBatchKernel<unsigned char>(unsigned char const* const*, unsigned long const*, unsigned char* const*, unsigned long*, unsigned short*, unsigned int, unsigned long)",256,1024,0,68,4,64,"OccupancyPercent",9.197352,6289633100444,6289654798683
17,17,"Agent 2",2,106370,106370,102400,14,"void arcto::lowlevel::lz4CompressBatchKernel<unsigned char>(unsigned char const* const*, unsigned long const*, unsigned char* const*, unsigned long*, unsigned short*, unsigned int, unsigned long)",256,1024,0,68,4,64,"MemUnitStalled",2.97686465e-02,6289633100444,6289654798683
17,17,"Agent 2",2,106370,106370,102400,14,"void arcto::lowlevel::lz4CompressBatchKernel<unsigned char>(unsigned char const* const*, unsigned long const*, unsigned char* const*, unsigned long*, unsigned short*, unsigned int, unsigned long)",256,1024,0,68,4,64,"SQ_BUSY_CYCLES",962811322.000000,6289633100444,6289654798683
17,17,"Agent 2",2,106370,106370,102400,14,"void arcto::lowlevel::lz4CompressBatchKernel<unsigned char>(unsigned char const* const*, unsigned long const*, unsigned char* const*, unsigned long*, unsigned short*, unsigned int, unsigned long)",256,1024,0,68,4,64,"SQ_WAVES",1600.000000,6289633100444,6289654798683
17,17,"Agent 2",2,106370,106370,102400,14,"void arcto::lowlevel::lz4CompressBatchKernel<unsigned char>(unsigned char const* const*, unsigned long const*, unsigned char* const*, unsigned long*, unsigned short*, unsigned int, unsigned long)",256,1024,0,68,4,64,"VALUUtilization",94.539163,6289633100444,6289654798683
18,18,"Agent 2",1,106370,106370,1024,8,"__amd_rocclr_copyBuffer",512,0,0,16,0,32,"GRBM_GUI_ACTIVE",274364.000000,6289655083924,6289655086890
18,18,"Agent 2",1,106370,106370,1024,8,"__amd_rocclr_copyBuffer",512,0,0,16,0,32,"OccupancyPercent",1.35799515e-02,6289655083924,6289655086890
18,18,"Agent 2",1,106370,106370,1024,8,"__amd_rocclr_copyBuffer",512,0,0,16,0,32,"MemUnitStalled",6.98725853e-02,6289655083924,6289655086890
18,18,"Agent 2",1,106370,106370,1024,8,"__amd_rocclr_copyBuffer",512,0,0,16,0,32,"SQ_BUSY_CYCLES",7109.000000,6289655083924,6289655086890
18,18,"Agent 2",1,106370,106370,1024,8,"__amd_rocclr_copyBuffer",512,0,0,16,0,32,"SQ_WAVES",16.000000,6289655083924,6289655086890
18,18,"Agent 2",1,106370,106370,1024,8,"__amd_rocclr_copyBuffer",512,0,0,16,0,32,"VALUUtilization",98.148148,6289655083924,6289655086890
19,19,"Agent 2",1,106370,106370,1024,8,"__amd_rocclr_copyBuffer",512,0,0,16,0,32,"GRBM_GUI_ACTIVE",276943.000000,6289656906907,6289656910796
19,19,"Agent 2",1,106370,106370,1024,8,"__amd_rocclr_copyBuffer",512,0,0,16,0,32,"OccupancyPercent",1.89527610e-02,6289656906907,6289656910796
19,19,"Agent 2",1,106370,106370,1024,8,"__amd_rocclr_copyBuffer",512,0,0,16,0,32,"MemUnitStalled",8.39344262e-02,6289656906907,6289656910796
19,19,"Agent 2",1,106370,106370,1024,8,"__amd_rocclr_copyBuffer",512,0,0,16,0,32,"SQ_BUSY_CYCLES",10464.000000,6289656906907,6289656910796
19,19,"Agent 2",1,106370,106370,1024,8,"__amd_rocclr_copyBuffer",512,0,0,16,0,32,"SQ_WAVES",16.000000,6289656906907,6289656910796
19,19,"Agent 2",1,106370,106370,1024,8,"__amd_rocclr_copyBuffer",512,0,0,16,0,32,"VALUUtilization",98.148148,6289656906907,6289656910796
20,20,"Agent 2",2,106370,106370,102400,15,"arcto::lowlevel::lz4DecompressBatchKernel(unsigned char const* const*, unsigned long const*, unsigned long const*, unsigned long, unsigned char* const*, unsigned long*, arctoStatus_t*, bool)",128,1024,0,68,4,80,"GRBM_GUI_ACTIVE",24926973.000000,6289657006972,6289658484088
20,20,"Agent 2",2,106370,106370,102400,15,"arcto::lowlevel::lz4DecompressBatchKernel(unsigned char const* const*, unsigned long const*, unsigned long const*, unsigned long, unsigned char* const*, unsigned long*, arctoStatus_t*, bool)",128,1024,0,68,4,80,"OccupancyPercent",3.553533,6289657006972,6289658484088
20,20,"Agent 2",2,106370,106370,102400,15,"arcto::lowlevel::lz4DecompressBatchKernel(unsigned char const* const*, unsigned long const*, unsigned long const*, unsigned long, unsigned char* const*, unsigned long*, arctoStatus_t*, bool)",128,1024,0,68,4,80,"MemUnitStalled",5.44165582e-02,6289657006972,6289658484088
20,20,"Agent 2",2,106370,106370,102400,15,"arcto::lowlevel::lz4DecompressBatchKernel(unsigned char const* const*, unsigned long const*, unsigned long const*, unsigned long, unsigned char* const*, unsigned long*, arctoStatus_t*, bool)",128,1024,0,68,4,80,"SQ_BUSY_CYCLES",49154074.000000,6289657006972,6289658484088
20,20,"Agent 2",2,106370,106370,102400,15,"arcto::lowlevel::lz4DecompressBatchKernel(unsigned char const* const*, unsigned long const*, unsigned long const*, unsigned long, unsigned char* const*, unsigned long*, arctoStatus_t*, bool)",128,1024,0,68,4,80,"SQ_WAVES",1600.000000,6289657006972,6289658484088
20,20,"Agent 2",2,106370,106370,102400,15,"arcto::lowlevel::lz4DecompressBatchKernel(unsigned char const* const*, unsigned long const*, unsigned long const*, unsigned long, unsigned char* const*, unsigned long*, arctoStatus_t*, bool)",128,1024,0,68,4,80,"VALUUtilization",96.767894,6289657006972,6289658484088
21,21,"Agent 2",1,106370,106370,1024,8,"__amd_rocclr_copyBuffer",512,0,0,16,0,32,"GRBM_GUI_ACTIVE",252638.000000,6289658624684,6289658627370
21,21,"Agent 2",1,106370,106370,1024,8,"__amd_rocclr_copyBuffer",512,0,0,16,0,32,"OccupancyPercent",1.27181242e-02,6289658624684,6289658627370
21,21,"Agent 2",1,106370,106370,1024,8,"__amd_rocclr_copyBuffer",512,0,0,16,0,32,"MemUnitStalled",1.01794601e-02,6289658624684,6289658627370
21,21,"Agent 2",1,106370,106370,1024,8,"__amd_rocclr_copyBuffer",512,0,0,16,0,32,"SQ_BUSY_CYCLES",5848.000000,6289658624684,6289658627370
21,21,"Agent 2",1,106370,106370,1024,8,"__amd_rocclr_copyBuffer",512,0,0,16,0,32,"SQ_WAVES",16.000000,6289658624684,6289658627370
21,21,"Agent 2",1,106370,106370,1024,8,"__amd_rocclr_copyBuffer",512,0,0,16,0,32,"VALUUtilization",98.148148,6289658624684,6289658627370
22,22,"Agent 2",1,106370,106370,512,8,"__amd_rocclr_copyBuffer",512,0,0,16,0,32,"GRBM_GUI_ACTIVE",274176.000000,6289658728357,6289658731724
22,22,"Agent 2",1,106370,106370,512,8,"__amd_rocclr_copyBuffer",512,0,0,16,0,32,"OccupancyPercent",6.66280968e-03,6289658728357,6289658731724
22,22,"Agent 2",1,106370,106370,512,8,"__amd_rocclr_copyBuffer",512,0,0,16,0,32,"MemUnitStalled",1.17864334e-02,6289658728357,6289658731724
22,22,"Agent 2",1,106370,106370,512,8,"__amd_rocclr_copyBuffer",512,0,0,16,0,32,"SQ_BUSY_CYCLES",3208.000000,6289658728357,6289658731724
22,22,"Agent 2",1,106370,106370,512,8,"__amd_rocclr_copyBuffer",512,0,0,16,0,32,"SQ_WAVES",8.000000,6289658728357,6289658731724
22,22,"Agent 2",1,106370,106370,512,8,"__amd_rocclr_copyBuffer",512,0,0,16,0,32,"VALUUtilization",94.642857,6289658728357,6289658731724
23,23,"Agent 2",1,106370,106370,1024,8,"__amd_rocclr_copyBuffer",512,0,0,16,0,32,"GRBM_GUI_ACTIVE",257030.000000,6289659018608,6289659021495
23,23,"Agent 2",1,106370,106370,1024,8,"__amd_rocclr_copyBuffer",512,0,0,16,0,32,"OccupancyPercent",1.34227681e-02,6289659018608,6289659021495
23,23,"Agent 2",1,106370,106370,1024,8,"__amd_rocclr_copyBuffer",512,0,0,16,0,32,"MemUnitStalled",1.17470688e-02,6289659018608,6289659021495
23,23,"Agent 2",1,106370,106370,1024,8,"__amd_rocclr_copyBuffer",512,0,0,16,0,32,"SQ_BUSY_CYCLES",6396.000000,6289659018608,6289659021495
23,23,"Agent 2",1,106370,106370,1024,8,"__amd_rocclr_copyBuffer",512,0,0,16,0,32,"SQ_WAVES",16.000000,6289659018608,6289659021495
23,23,"Agent 2",1,106370,106370,1024,8,"__amd_rocclr_copyBuffer",512,0,0,16,0,32,"VALUUtilization",98.148148,6289659018608,6289659021495
24,24,"Agent 2",1,106370,106370,104857600,1,"void thrust::THRUST_200700_400000_NS::hip_rocprim::__parallel_for::kernel<256u, thrust::THRUST_200700_400000_NS::hip_rocprim::__uninitialized_fill::functor<thrust::THRUST_200700_400000_NS::device_ptr<unsigned char>, unsigned char>, unsigned long, 1u>(thrust::THRUST_200700_400000_NS::hip_rocprim::__uninitialized_fill::functor<thrust::THRUST_200700_400000_NS::device_ptr<unsigned char>, unsigned char>, unsigned long, unsigned long)",256,0,0,4,4,16,"GRBM_GUI_ACTIVE",3477064.000000,6289734284169,6289734483417
24,24,"Agent 2",1,106370,106370,104857600,1,"void thrust::THRUST_200700_400000_NS::hip_rocprim::__parallel_for::kernel<256u, thrust::THRUST_200700_400000_NS::hip_rocprim::__uninitialized_fill::functor<thrust::THRUST_200700_400000_NS::device_ptr<unsigned char>, unsigned char>, unsigned long, 1u>(thrust::THRUST_200700_400000_NS::hip_rocprim::__uninitialized_fill::functor<thrust::THRUST_200700_400000_NS::device_ptr<unsigned char>, unsigned char>, unsigned long, unsigned long)",256,0,0,4,4,16,"OccupancyPercent",19.252874,6289734284169,6289734483417
24,24,"Agent 2",1,106370,106370,104857600,1,"void thrust::THRUST_200700_400000_NS::hip_rocprim::__parallel_for::kernel<256u, thrust::THRUST_200700_400000_NS::hip_rocprim::__uninitialized_fill::functor<thrust::THRUST_200700_400000_NS::device_ptr<unsigned char>, unsigned char>, unsigned long, 1u>(thrust::THRUST_200700_400000_NS::hip_rocprim::__uninitialized_fill::functor<thrust::THRUST_200700_400000_NS::device_ptr<unsigned char>, unsigned char>, unsigned long, unsigned long)",256,0,0,4,4,16,"MemUnitStalled",1.80772963e-01,6289734284169,6289734483417
24,24,"Agent 2",1,106370,106370,104857600,1,"void thrust::THRUST_200700_400000_NS::hip_rocprim::__parallel_for::kernel<256u, thrust::THRUST_200700_400000_NS::hip_rocprim::__uninitialized_fill::functor<thrust::THRUST_200700_400000_NS::device_ptr<unsigned char>, unsigned char>, unsigned long, 1u>(thrust::THRUST_200700_400000_NS::hip_rocprim::__uninitialized_fill::functor<thrust::THRUST_200700_400000_NS::device_ptr<unsigned char>, unsigned char>, unsigned long, unsigned long)",256,0,0,4,4,16,"SQ_BUSY_CYCLES",13127372.000000,6289734284169,6289734483417
24,24,"Agent 2",1,106370,106370,104857600,1,"void thrust::THRUST_200700_400000_NS::hip_rocprim::__parallel_for::kernel<256u, thrust::THRUST_200700_400000_NS::hip_rocprim::__uninitialized_fill::functor<thrust::THRUST_200700_400000_NS::device_ptr<unsigned char>, unsigned char>, unsigned long, 1u>(thrust::THRUST_200700_400000_NS::hip_rocprim::__uninitialized_fill::functor<thrust::THRUST_200700_400000_NS::device_ptr<unsigned char>, unsigned char>, unsigned long, unsigned long)",256,0,0,4,4,16,"SQ_WAVES",1638400.000000,6289734284169,6289734483417
24,24,"Agent 2",1,106370,106370,104857600,1,"void thrust::THRUST_200700_400000_NS::hip_rocprim::__parallel_for::kernel<256u, thrust::THRUST_200700_400000_NS::hip_rocprim::__uninitialized_fill::functor<thrust::THRUST_200700_400000_NS::device_ptr<unsigned char>, unsigned char>, unsigned long, 1u>(thrust::THRUST_200700_400000_NS::hip_rocprim::__uninitialized_fill::functor<thrust::THRUST_200700_400000_NS::device_ptr<unsigned char>, unsigned char>, unsigned long, unsigned long)",256,0,0,4,4,16,"VALUUtilization",100.000000,6289734284169,6289734483417
25,25,"Agent 2",1,106370,106370,1024,8,"__amd_rocclr_copyBuffer",512,0,0,16,0,32,"GRBM_GUI_ACTIVE",321036.000000,6289734605650,6289734610942
25,25,"Agent 2",1,106370,106370,1024,8,"__amd_rocclr_copyBuffer",512,0,0,16,0,32,"OccupancyPercent",1.58823178e-02,6289734605650,6289734610942
25,25,"Agent 2",1,106370,106370,1024,8,"__amd_rocclr_copyBuffer",512,0,0,16,0,32,"MemUnitStalled",9.20413187e-03,6289734605650,6289734610942
25,25,"Agent 2",1,106370,106370,1024,8,"__amd_rocclr_copyBuffer",512,0,0,16,0,32,"SQ_BUSY_CYCLES",11076.000000,6289734605650,6289734610942
25,25,"Agent 2",1,106370,106370,1024,8,"__amd_rocclr_copyBuffer",512,0,0,16,0,32,"SQ_WAVES",16.000000,6289734605650,6289734610942
25,25,"Agent 2",1,106370,106370,1024,8,"__amd_rocclr_copyBuffer",512,0,0,16,0,32,"VALUUtilization",98.148148,6289734605650,6289734610942
26,26,"Agent 2",1,106370,106370,1024,8,"__amd_rocclr_copyBuffer",512,0,0,16,0,32,"GRBM_GUI_ACTIVE",277111.000000,6289734709563,6289734713372
26,26,"Agent 2",1,106370,106370,1024,8,"__amd_rocclr_copyBuffer",512,0,0,16,0,32,"OccupancyPercent",1.72042272e-02,6289734709563,6289734713372
26,26,"Agent 2",1,106370,106370,1024,8,"__amd_rocclr_copyBuffer",512,0,0,16,0,32,"MemUnitStalled",1.18342801e-02,6289734709563,6289734713372
26,26,"Agent 2",1,106370,106370,1024,8,"__amd_rocclr_copyBuffer",512,0,0,16,0,32,"SQ_BUSY_CYCLES",9248.000000,6289734709563,6289734713372
26,26,"Agent 2",1,106370,106370,1024,8,"__amd_rocclr_copyBuffer",512,0,0,16,0,32,"SQ_WAVES",16.000000,6289734709563,6289734713372
26,26,"Agent 2",1,106370,106370,1024,8,"__amd_rocclr_copyBuffer",512,0,0,16,0,32,"VALUUtilization",98.148148,6289734709563,6289734713372
27,27,"Agent 2",1,106370,106370,1024,8,"__amd_rocclr_copyBuffer",512,0,0,16,0,32,"GRBM_GUI_ACTIVE",277393.000000,6289762689502,6289762692148
27,27,"Agent 2",1,106370,106370,1024,8,"__amd_rocclr_copyBuffer",512,0,0,16,0,32,"OccupancyPercent",9.71152116e-03,6289762689502,6289762692148
27,27,"Agent 2",1,106370,106370,1024,8,"__amd_rocclr_copyBuffer",512,0,0,16,0,32,"MemUnitStalled",7.95666723e-03,6289762689502,6289762692148
27,27,"Agent 2",1,106370,106370,1024,8,"__amd_rocclr_copyBuffer",512,0,0,16,0,32,"SQ_BUSY_CYCLES",5712.000000,6289762689502,6289762692148
27,27,"Agent 2",1,106370,106370,1024,8,"__amd_rocclr_copyBuffer",512,0,0,16,0,32,"SQ_WAVES",16.000000,6289762689502,6289762692148
27,27,"Agent 2",1,106370,106370,1024,8,"__amd_rocclr_copyBuffer",512,0,0,16,0,32,"VALUUtilization",98.148148,6289762689502,6289762692148
28,28,"Agent 2",1,106370,106370,105280000,1,"void thrust::THRUST_200700_400000_NS::hip_rocprim::__parallel_for::kernel<256u, thrust::THRUST_200700_400000_NS::hip_rocprim::__uninitialized_fill::functor<thrust::THRUST_200700_400000_NS::device_ptr<unsigned char>, unsigned char>, unsigned long, 1u>(thrust::THRUST_200700_400000_NS::hip_rocprim::__uninitialized_fill::functor<thrust::THRUST_200700_400000_NS::device_ptr<unsigned char>, unsigned char>, unsigned long, unsigned long)",256,0,0,4,4,16,"GRBM_GUI_ACTIVE",3468075.000000,6289780079371,6289780278899
28,28,"Agent 2",1,106370,106370,105280000,1,"void thrust::THRUST_200700_400000_NS::hip_rocprim::__parallel_for::kernel<256u, thrust::THRUST_200700_400000_NS::hip_rocprim::__uninitialized_fill::functor<thrust::THRUST_200700_400000_NS::device_ptr<unsigned char>, unsigned char>, unsigned long, 1u>(thrust::THRUST_200700_400000_NS::hip_rocprim::__uninitialized_fill::functor<thrust::THRUST_200700_400000_NS::device_ptr<unsigned char>, unsigned char>, unsigned long, unsigned long)",256,0,0,4,4,16,"OccupancyPercent",19.427145,6289780079371,6289780278899
28,28,"Agent 2",1,106370,106370,105280000,1,"void thrust::THRUST_200700_400000_NS::hip_rocprim::__parallel_for::kernel<256u, thrust::THRUST_200700_400000_NS::hip_rocprim::__uninitialized_fill::functor<thrust::THRUST_200700_400000_NS::device_ptr<unsigned char>, unsigned char>, unsigned long, 1u>(thrust::THRUST_200700_400000_NS::hip_rocprim::__uninitialized_fill::functor<thrust::THRUST_200700_400000_NS::device_ptr<unsigned char>, unsigned char>, unsigned long, unsigned long)",256,0,0,4,4,16,"MemUnitStalled",1.84634279e-01,6289780079371,6289780278899
28,28,"Agent 2",1,106370,106370,105280000,1,"void thrust::THRUST_200700_400000_NS::hip_rocprim::__parallel_for::kernel<256u, thrust::THRUST_200700_400000_NS::hip_rocprim::__uninitialized_fill::functor<thrust::THRUST_200700_400000_NS::device_ptr<unsigned char>, unsigned char>, unsigned long, 1u>(thrust::THRUST_200700_400000_NS::hip_rocprim::__uninitialized_fill::functor<thrust::THRUST_200700_400000_NS::device_ptr<unsigned char>, unsigned char>, unsigned long, unsigned long)",256,0,0,4,4,16,"SQ_BUSY_CYCLES",13186096.000000,6289780079371,6289780278899
28,28,"Agent 2",1,106370,106370,105280000,1,"void thrust::THRUST_200700_400000_NS::hip_rocprim::__parallel_for::kernel<256u, thrust::THRUST_200700_400000_NS::hip_rocprim::__uninitialized_fill::functor<thrust::THRUST_200700_400000_NS::device_ptr<unsigned char>, unsigned char>, unsigned long, 1u>(thrust::THRUST_200700_400000_NS::hip_rocprim::__uninitialized_fill::functor<thrust::THRUST_200700_400000_NS::device_ptr<unsigned char>, unsigned char>, unsigned long, unsigned long)",256,0,0,4,4,16,"SQ_WAVES",1645000.000000,6289780079371,6289780278899
28,28,"Agent 2",1,106370,106370,105280000,1,"void thrust::THRUST_200700_400000_NS::hip_rocprim::__parallel_for::kernel<256u, thrust::THRUST_200700_400000_NS::hip_rocprim::__uninitialized_fill::functor<thrust::THRUST_200700_400000_NS::device_ptr<unsigned char>, unsigned char>, unsigned long, 1u>(thrust::THRUST_200700_400000_NS::hip_rocprim::__uninitialized_fill::functor<thrust::THRUST_200700_400000_NS::device_ptr<unsigned char>, unsigned char>, unsigned long, unsigned long)",256,0,0,4,4,16,"VALUUtilization",100.000000,6289780079371,6289780278899
29,29,"Agent 2",1,106370,106370,1024,8,"__amd_rocclr_copyBuffer",512,0,0,16,0,32,"GRBM_GUI_ACTIVE",289351.000000,6289780437215,6289780441384
29,29,"Agent 2",1,106370,106370,1024,8,"__amd_rocclr_copyBuffer",512,0,0,16,0,32,"OccupancyPercent",1.91876045e-02,6289780437215,6289780441384
29,29,"Agent 2",1,106370,106370,1024,8,"__amd_rocclr_copyBuffer",512,0,0,16,0,32,"MemUnitStalled",1.24395792e-02,6289780437215,6289780441384
29,29,"Agent 2",1,106370,106370,1024,8,"__amd_rocclr_copyBuffer",512,0,0,16,0,32,"SQ_BUSY_CYCLES",10854.000000,6289780437215,6289780441384
29,29,"Agent 2",1,106370,106370,1024,8,"__amd_rocclr_copyBuffer",512,0,0,16,0,32,"SQ_WAVES",16.000000,6289780437215,6289780441384
29,29,"Agent 2",1,106370,106370,1024,8,"__amd_rocclr_copyBuffer",512,0,0,16,0,32,"VALUUtilization",98.148148,6289780437215,6289780441384
30,30,"Agent 2",1,106370,106370,1024,8,"__amd_rocclr_copyBuffer",512,0,0,16,0,32,"GRBM_GUI_ACTIVE",283644.000000,6289780544015,6289780547743
30,30,"Agent 2",1,106370,106370,1024,8,"__amd_rocclr_copyBuffer",512,0,0,16,0,32,"OccupancyPercent",1.67487467e-02,6289780544015,6289780547743
30,30,"Agent 2",1,106370,106370,1024,8,"__amd_rocclr_copyBuffer",512,0,0,16,0,32,"MemUnitStalled",8.57525710e-03,6289780544015,6289780547743
30,30,"Agent 2",1,106370,106370,1024,8,"__amd_rocclr_copyBuffer",512,0,0,16,0,32,"SQ_BUSY_CYCLES",9378.000000,6289780544015,6289780547743
30,30,"Agent 2",1,106370,106370,1024,8,"__amd_rocclr_copyBuffer",512,0,0,16,0,32,"SQ_WAVES",16.000000,6289780544015,6289780547743
30,30,"Agent 2",1,106370,106370,1024,8,"__amd_rocclr_copyBuffer",512,0,0,16,0,32,"VALUUtilization",98.148148,6289780544015,6289780547743
31,31,"Agent 2",2,106370,106370,102400,14,"void arcto::lowlevel::lz4CompressBatchKernel<unsigned char>(unsigned char const* const*, unsigned long const*, unsigned char* const*, unsigned long*, unsigned short*, unsigned int, unsigned long)",256,1024,0,68,4,64,"GRBM_GUI_ACTIVE",346972693.000000,6289780709831,6289802430329
31,31,"Agent 2",2,106370,106370,102400,14,"void arcto::lowlevel::lz4CompressBatchKernel<unsigned char>(unsigned char const* const*, unsigned long const*, unsigned char* const*, unsigned long*, unsigned short*, unsigned int, unsigned long)",256,1024,0,68,4,64,"OccupancyPercent",9.213999,6289780709831,6289802430329
31,31,"Agent 2",2,106370,106370,102400,14,"void arcto::lowlevel::lz4CompressBatchKernel<unsigned char>(unsigned char const* const*, unsigned long const*, unsigned char* const*, unsigned long*, unsigned short*, unsigned int, unsigned long)",256,1024,0,68,4,64,"MemUnitStalled",2.98747370e-02,6289780709831,6289802430329
31,31,"Agent 2",2,106370,106370,102400,14,"void arcto::lowlevel::lz4CompressBatchKernel<unsigned char>(unsigned char const* const*, unsigned long const*, unsigned char* const*, unsigned long*, unsigned short*, unsigned int, unsigned long)",256,1024,0,68,4,64,"SQ_BUSY_CYCLES",963728738.000000,6289780709831,6289802430329
31,31,"Agent 2",2,106370,106370,102400,14,"void arcto::lowlevel::lz4CompressBatchKernel<unsigned char>(unsigned char const* const*, unsigned long const*, unsigned char* const*, unsigned long*, unsigned short*, unsigned int, unsigned long)",256,1024,0,68,4,64,"SQ_WAVES",1600.000000,6289780709831,6289802430329
31,31,"Agent 2",2,106370,106370,102400,14,"void arcto::lowlevel::lz4CompressBatchKernel<unsigned char>(unsigned char const* const*, unsigned long const*, unsigned char* const*, unsigned long*, unsigned short*, unsigned int, unsigned long)",256,1024,0,68,4,64,"VALUUtilization",94.539163,6289780709831,6289802430329
32,32,"Agent 2",1,106370,106370,1024,8,"__amd_rocclr_copyBuffer",512,0,0,16,0,32,"GRBM_GUI_ACTIVE",277988.000000,6289802669706,6289802672713
32,32,"Agent 2",1,106370,106370,1024,8,"__amd_rocclr_copyBuffer",512,0,0,16,0,32,"OccupancyPercent",1.37511068e-02,6289802669706,6289802672713
32,32,"Agent 2",1,106370,106370,1024,8,"__amd_rocclr_copyBuffer",512,0,0,16,0,32,"MemUnitStalled",8.66939188e-02,6289802669706,6289802672713
32,32,"Agent 2",1,106370,106370,1024,8,"__amd_rocclr_copyBuffer",512,0,0,16,0,32,"SQ_BUSY_CYCLES",7620.000000,6289802669706,6289802672713
32,32,"Agent 2",1,106370,106370,1024,8,"__amd_rocclr_copyBuffer",512,0,0,16,0,32,"SQ_WAVES",16.000000,6289802669706,6289802672713
32,32,"Agent 2",1,106370,106370,1024,8,"__amd_rocclr_copyBuffer",512,0,0,16,0,32,"VALUUtilization",98.148148,6289802669706,6289802672713
33,33,"Agent 2",1,106370,106370,1024,8,"__amd_rocclr_copyBuffer",512,0,0,16,0,32,"GRBM_GUI_ACTIVE",272238.000000,6289804526526,6289804530415
33,33,"Agent 2",1,106370,106370,1024,8,"__amd_rocclr_copyBuffer",512,0,0,16,0,32,"OccupancyPercent",1.98273704e-02,6289804526526,6289804530415
33,33,"Agent 2",1,106370,106370,1024,8,"__amd_rocclr_copyBuffer",512,0,0,16,0,32,"MemUnitStalled",9.21574697e-02,6289804526526,6289804530415
33,33,"Agent 2",1,106370,106370,1024,8,"__amd_rocclr_copyBuffer",512,0,0,16,0,32,"SQ_BUSY_CYCLES",10207.000000,6289804526526,6289804530415
33,33,"Agent 2",1,106370,106370,1024,8,"__amd_rocclr_copyBuffer",512,0,0,16,0,32,"SQ_WAVES",16.000000,6289804526526,6289804530415
33,33,"Agent 2",1,106370,106370,1024,8,"__amd_rocclr_copyBuffer",512,0,0,16,0,32,"VALUUtilization",98.148148,6289804526526,6289804530415
34,34,"Agent 2",2,106370,106370,102400,15,"arcto::lowlevel::lz4DecompressBatchKernel(unsigned char const* const*, unsigned long const*, unsigned long const*, unsigned long, unsigned char* const*, unsigned long*, arctoStatus_t*, bool)",128,1024,0,68,4,80,"GRBM_GUI_ACTIVE",24994268.000000,6289804625268,6289806107075
34,34,"Agent 2",2,106370,106370,102400,15,"arcto::lowlevel::lz4DecompressBatchKernel(unsigned char const* const*, unsigned long const*, unsigned long const*, unsigned long, unsigned char* const*, unsigned long*, arctoStatus_t*, bool)",128,1024,0,68,4,80,"OccupancyPercent",3.588065,6289804625268,6289806107075
34,34,"Agent 2",2,106370,106370,102400,15,"arcto::lowlevel::lz4DecompressBatchKernel(unsigned char const* const*, unsigned long const*, unsigned long const*, unsigned long, unsigned char* const*, unsigned long*, arctoStatus_t*, bool)",128,1024,0,68,4,80,"MemUnitStalled",5.31952258e-02,6289804625268,6289806107075
34,34,"Agent 2",2,106370,106370,102400,15,"arcto::lowlevel::lz4DecompressBatchKernel(unsigned char const* const*, unsigned long const*, unsigned long const*, unsigned long, unsigned char* const*, unsigned long*, arctoStatus_t*, bool)",128,1024,0,68,4,80,"SQ_BUSY_CYCLES",49431638.000000,6289804625268,6289806107075
34,34,"Agent 2",2,106370,106370,102400,15,"arcto::lowlevel::lz4DecompressBatchKernel(unsigned char const* const*, unsigned long const*, unsigned long const*, unsigned long, unsigned char* const*, unsigned long*, arctoStatus_t*, bool)",128,1024,0,68,4,80,"SQ_WAVES",1600.000000,6289804625268,6289806107075
34,34,"Agent 2",2,106370,106370,102400,15,"arcto::lowlevel::lz4DecompressBatchKernel(unsigned char const* const*, unsigned long const*, unsigned long const*, unsigned long, unsigned char* const*, unsigned long*, arctoStatus_t*, bool)",128,1024,0,68,4,80,"VALUUtilization",96.767894,6289804625268,6289806107075
35,35,"Agent 2",1,106370,106370,1024,8,"__amd_rocclr_copyBuffer",512,0,0,16,0,32,"GRBM_GUI_ACTIVE",253904.000000,6289806235965,6289806238771
35,35,"Agent 2",1,106370,106370,1024,8,"__amd_rocclr_copyBuffer",512,0,0,16,0,32,"OccupancyPercent",1.33157124e-02,6289806235965,6289806238771
35,35,"Agent 2",1,106370,106370,1024,8,"__amd_rocclr_copyBuffer",512,0,0,16,0,32,"MemUnitStalled",1.16150278e-02,6289806235965,6289806238771
35,35,"Agent 2",1,106370,106370,1024,8,"__amd_rocclr_copyBuffer",512,0,0,16,0,32,"SQ_BUSY_CYCLES",6245.000000,6289806235965,6289806238771
35,35,"Agent 2",1,106370,106370,1024,8,"__amd_rocclr_copyBuffer",512,0,0,16,0,32,"SQ_WAVES",16.000000,6289806235965,6289806238771
35,35,"Agent 2",1,106370,106370,1024,8,"__amd_rocclr_copyBuffer",512,0,0,16,0,32,"VALUUtilization",98.148148,6289806235965,6289806238771
36,36,"Agent 2",1,106370,106370,512,8,"__amd_rocclr_copyBuffer",512,0,0,16,0,32,"GRBM_GUI_ACTIVE",256130.000000,6289806337713,6289806340399
36,36,"Agent 2",1,106370,106370,512,8,"__amd_rocclr_copyBuffer",512,0,0,16,0,32,"OccupancyPercent",6.89943241e-03,6289806337713,6289806340399
36,36,"Agent 2",1,106370,106370,512,8,"__amd_rocclr_copyBuffer",512,0,0,16,0,32,"MemUnitStalled",1.02924159e-02,6289806337713,6289806340399
36,36,"Agent 2",1,106370,106370,512,8,"__amd_rocclr_copyBuffer",512,0,0,16,0,32,"SQ_BUSY_CYCLES",3168.000000,6289806337713,6289806340399
36,36,"Agent 2",1,106370,106370,512,8,"__amd_rocclr_copyBuffer",512,0,0,16,0,32,"SQ_WAVES",8.000000,6289806337713,6289806340399
36,36,"Agent 2",1,106370,106370,512,8,"__amd_rocclr_copyBuffer",512,0,0,16,0,32,"VALUUtilization",94.642857,6289806337713,6289806340399
37,37,"Agent 2",1,106370,106370,105280000,1,"void thrust::THRUST_200700_400000_NS::hip_rocprim::__parallel_for::kernel<256u, thrust::THRUST_200700_400000_NS::hip_rocprim::__uninitialized_fill::functor<thrust::THRUST_200700_400000_NS::device_ptr<unsigned char>, unsigned char>, unsigned long, 1u>(thrust::THRUST_200700_400000_NS::hip_rocprim::__uninitialized_fill::functor<thrust::THRUST_200700_400000_NS::device_ptr<unsigned char>, unsigned char>, unsigned long, unsigned long)",256,0,0,4,4,16,"GRBM_GUI_ACTIVE",3510225.000000,6289811797655,6289811997464
37,37,"Agent 2",1,106370,106370,105280000,1,"void thrust::THRUST_200700_400000_NS::hip_rocprim::__parallel_for::kernel<256u, thrust::THRUST_200700_400000_NS::hip_rocprim::__uninitialized_fill::functor<thrust::THRUST_200700_400000_NS::device_ptr<unsigned char>, unsigned char>, unsigned long, 1u>(thrust::THRUST_200700_400000_NS::hip_rocprim::__uninitialized_fill::functor<thrust::THRUST_200700_400000_NS::device_ptr<unsigned char>, unsigned char>, unsigned long, unsigned long)",256,0,0,4,4,16,"OccupancyPercent",19.262097,6289811797655,6289811997464
37,37,"Agent 2",1,106370,106370,105280000,1,"void thrust::THRUST_200700_400000_NS::hip_rocprim::__parallel_for::kernel<256u, thrust::THRUST_200700_400000_NS::hip_rocprim::__uninitialized_fill::functor<thrust::THRUST_200700_400000_NS::device_ptr<unsigned char>, unsigned char>, unsigned long, 1u>(thrust::THRUST_200700_400000_NS::hip_rocprim::__uninitialized_fill::functor<thrust::THRUST_200700_400000_NS::device_ptr<unsigned char>, unsigned char>, unsigned long, unsigned long)",256,0,0,4,4,16,"MemUnitStalled",1.80473184e-01,6289811797655,6289811997464
37,37,"Agent 2",1,106370,106370,105280000,1,"void thrust::THRUST_200700_400000_NS::hip_rocprim::__parallel_for::kernel<256u, thrust::THRUST_200700_400000_NS::hip_rocprim::__uninitialized_fill::functor<thrust::THRUST_200700_400000_NS::device_ptr<unsigned char>, unsigned char>, unsigned long, 1u>(thrust::THRUST_200700_400000_NS::hip_rocprim::__uninitialized_fill::functor<thrust::THRUST_200700_400000_NS::device_ptr<unsigned char>, unsigned char>, unsigned long, unsigned long)",256,0,0,4,4,16,"SQ_BUSY_CYCLES",13203106.000000,6289811797655,6289811997464
37,37,"Agent 2",1,106370,106370,105280000,1,"void thrust::THRUST_200700_400000_NS::hip_rocprim::__parallel_for::kernel<256u, thrust::THRUST_200700_400000_NS::hip_rocprim::__uninitialized_fill::functor<thrust::THRUST_200700_400000_NS::device_ptr<unsigned char>, unsigned char>, unsigned long, 1u>(thrust::THRUST_200700_400000_NS::hip_rocprim::__uninitialized_fill::functor<thrust::THRUST_200700_400000_NS::device_ptr<unsigned char>, unsigned char>, unsigned long, unsigned long)",256,0,0,4,4,16,"SQ_WAVES",1645000.000000,6289811797655,6289811997464
37,37,"Agent 2",1,106370,106370,105280000,1,"void thrust::THRUST_200700_400000_NS::hip_rocprim::__parallel_for::kernel<256u, thrust::THRUST_200700_400000_NS::hip_rocprim::__uninitialized_fill::functor<thrust::THRUST_200700_400000_NS::device_ptr<unsigned char>, unsigned char>, unsigned long, 1u>(thrust::THRUST_200700_400000_NS::hip_rocprim::__uninitialized_fill::functor<thrust::THRUST_200700_400000_NS::device_ptr<unsigned char>, unsigned char>, unsigned long, unsigned long)",256,0,0,4,4,16,"VALUUtilization",100.000000,6289811797655,6289811997464
38,38,"Agent 2",1,106370,106370,1024,8,"__amd_rocclr_copyBuffer",512,0,0,16,0,32,"GRBM_GUI_ACTIVE",291328.000000,6289812113083,6289812117132
38,38,"Agent 2",1,106370,106370,1024,8,"__amd_rocclr_copyBuffer",512,0,0,16,0,32,"OccupancyPercent",1.92917328e-02,6289812113083,6289812117132
38,38,"Agent 2",1,106370,106370,1024,8,"__amd_rocclr_copyBuffer",512,0,0,16,0,32,"MemUnitStalled",1.11352739e-02,6289812113083,6289812117132
38,38,"Agent 2",1,106370,106370,1024,8,"__amd_rocclr_copyBuffer",512,0,0,16,0,32,"SQ_BUSY_CYCLES",10691.000000,6289812113083,6289812117132
38,38,"Agent 2",1,106370,106370,1024,8,"__amd_rocclr_copyBuffer",512,0,0,16,0,32,"SQ_WAVES",16.000000,6289812113083,6289812117132
38,38,"Agent 2",1,106370,106370,1024,8,"__amd_rocclr_copyBuffer",512,0,0,16,0,32,"VALUUtilization",98.148148,6289812113083,6289812117132
39,39,"Agent 2",1,106370,106370,1024,8,"__amd_rocclr_copyBuffer",512,0,0,16,0,32,"GRBM_GUI_ACTIVE",264487.000000,6289812216355,6289812220324
39,39,"Agent 2",1,106370,106370,1024,8,"__amd_rocclr_copyBuffer",512,0,0,16,0,32,"OccupancyPercent",1.92870265e-02,6289812216355,6289812220324
39,39,"Agent 2",1,106370,106370,1024,8,"__amd_rocclr_copyBuffer",512,0,0,16,0,32,"MemUnitStalled",1.41624542e-02,6289812216355,6289812220324
39,39,"Agent 2",1,106370,106370,1024,8,"__amd_rocclr_copyBuffer",512,0,0,16,0,32,"SQ_BUSY_CYCLES",9525.000000,6289812216355,6289812220324
39,39,"Agent 2",1,106370,106370,1024,8,"__amd_rocclr_copyBuffer",512,0,0,16,0,32,"SQ_WAVES",16.000000,6289812216355,6289812220324
39,39,"Agent 2",1,106370,106370,1024,8,"__amd_rocclr_copyBuffer",512,0,0,16,0,32,"VALUUtilization",98.148148,6289812216355,6289812220324
40,40,"Agent 2",2,106370,106370,102400,14,"void arcto::lowlevel::lz4CompressBatchKernel<unsigned char>(unsigned char const* const*, unsigned long const*, unsigned char* const*, unsigned long*, unsigned short*, unsigned int, unsigned long)",256,1024,0,68,4,64,"GRBM_GUI_ACTIVE",339133846.000000,6289812307520,6289833559687
40,40,"Agent 2",2,106370,106370,102400,14,"void arcto::lowlevel::lz4CompressBatchKernel<unsigned char>(unsigned char const* const*, unsigned long const*, unsigned char* const*, unsigned long*, unsigned short*, unsigned int, unsigned long)",256,1024,0,68,4,64,"OccupancyPercent",9.414753,6289812307520,6289833559687
40,40,"Agent 2",2,106370,106370,102400,14,"void arcto::lowlevel::lz4CompressBatchKernel<unsigned char>(unsigned char const* const*, unsigned long const*, unsigned char* const*, unsigned long*, unsigned short*, unsigned int, unsigned long)",256,1024,0,68,4,64,"MemUnitStalled",3.05646647e-02,6289812307520,6289833559687
40,40,"Agent 2",2,106370,106370,102400,14,"void arcto::lowlevel::lz4CompressBatchKernel<unsigned char>(unsigned char const* const*, unsigned long const*, unsigned char* const*, unsigned long*, unsigned short*, unsigned int, unsigned long)",256,1024,0,68,4,64,"SQ_BUSY_CYCLES",963283221.000000,6289812307520,6289833559687
40,40,"Agent 2",2,106370,106370,102400,14,"void arcto::lowlevel::lz4CompressBatchKernel<unsigned char>(unsigned char const* const*, unsigned long const*, unsigned char* const*, unsigned long*, unsigned short*, unsigned int, unsigned long)",256,1024,0,68,4,64,"SQ_WAVES",1600.000000,6289812307520,6289833559687
40,40,"Agent 2",2,106370,106370,102400,14,"void arcto::lowlevel::lz4CompressBatchKernel<unsigned char>(unsigned char const* const*, unsigned long const*, unsigned char* const*, unsigned long*, unsigned short*, unsigned int, unsigned long)",256,1024,0,68,4,64,"VALUUtilization",94.539163,6289812307520,6289833559687
41,41,"Agent 2",1,106370,106370,1024,8,"__amd_rocclr_copyBuffer",512,0,0,16,0,32,"GRBM_GUI_ACTIVE",260782.000000,6289833779941,6289833782868
41,41,"Agent 2",1,106370,106370,1024,8,"__amd_rocclr_copyBuffer",512,0,0,16,0,32,"OccupancyPercent",1.41144597e-02,6289833779941,6289833782868
41,41,"Agent 2",1,106370,106370,1024,8,"__amd_rocclr_copyBuffer",512,0,0,16,0,32,"MemUnitStalled",7.10872714e-02,6289833779941,6289833782868
41,41,"Agent 2",1,106370,106370,1024,8,"__amd_rocclr_copyBuffer",512,0,0,16,0,32,"SQ_BUSY_CYCLES",7081.000000,6289833779941,6289833782868
41,41,"Agent 2",1,106370,106370,1024,8,"__amd_rocclr_copyBuffer",512,0,0,16,0,32,"SQ_WAVES",16.000000,6289833779941,6289833782868
41,41,"Agent 2",1,106370,106370,1024,8,"__amd_rocclr_copyBuffer",512,0,0,16,0,32,"VALUUtilization",98.148148,6289833779941,6289833782868
42,42,"Agent 2",1,106370,106370,1024,8,"__amd_rocclr_copyBuffer",512,0,0,16,0,32,"GRBM_GUI_ACTIVE",258736.000000,6289835536536,6289835540706
42,42,"Agent 2",1,106370,106370,1024,8,"__amd_rocclr_copyBuffer",512,0,0,16,0,32,"OccupancyPercent",2.24710216e-02,6289835536536,6289835540706
42,42,"Agent 2",1,106370,106370,1024,8,"__amd_rocclr_copyBuffer",512,0,0,16,0,32,"MemUnitStalled",9.67733650e-02,6289835536536,6289835540706
42,42,"Agent 2",1,106370,106370,1024,8,"__amd_rocclr_copyBuffer",512,0,0,16,0,32,"SQ_BUSY_CYCLES",10932.000000,6289835536536,6289835540706
42,42,"Agent 2",1,106370,106370,1024,8,"__amd_rocclr_copyBuffer",512,0,0,16,0,32,"SQ_WAVES",16.000000,6289835536536,6289835540706
42,42,"Agent 2",1,106370,106370,1024,8,"__amd_rocclr_copyBuffer",512,0,0,16,0,32,"VALUUtilization",98.148148,6289835536536,6289835540706
43,43,"Agent 2",2,106370,106370,102400,15,"arcto::lowlevel::lz4DecompressBatchKernel(unsigned char const* const*, unsigned long const*, unsigned long const*, unsigned long, unsigned char* const*, unsigned long*, arctoStatus_t*, bool)",128,1024,0,68,4,80,"GRBM_GUI_ACTIVE",24800717.000000,6289835629705,6289837098805
43,43,"Agent 2",2,106370,106370,102400,15,"arcto::lowlevel::lz4DecompressBatchKernel(unsigned char const* const*, unsigned long const*, unsigned long const*, unsigned long, unsigned char* const*, unsigned long*, arctoStatus_t*, bool)",128,1024,0,68,4,80,"OccupancyPercent",3.609460,6289835629705,6289837098805
43,43,"Agent 2",2,106370,106370,102400,15,"arcto::lowlevel::lz4DecompressBatchKernel(unsigned char const* const*, unsigned long const*, unsigned long const*, unsigned long, unsigned char* const*, unsigned long*, arctoStatus_t*, bool)",128,1024,0,68,4,80,"MemUnitStalled",5.30552244e-02,6289835629705,6289837098805
43,43,"Agent 2",2,106370,106370,102400,15,"arcto::lowlevel::lz4DecompressBatchKernel(unsigned char const* const*, unsigned long const*, unsigned long const*, unsigned long, unsigned char* const*, unsigned long*, arctoStatus_t*, bool)",128,1024,0,68,4,80,"SQ_BUSY_CYCLES",49138179.000000,6289835629705,6289837098805
43,43,"Agent 2",2,106370,106370,102400,15,"arcto::lowlevel::lz4DecompressBatchKernel(unsigned char const* const*, unsigned long const*, unsigned long const*, unsigned long, unsigned char* const*, unsigned long*, arctoStatus_t*, bool)",128,1024,0,68,4,80,"SQ_WAVES",1600.000000,6289835629705,6289837098805
43,43,"Agent 2",2,106370,106370,102400,15,"arcto::lowlevel::lz4DecompressBatchKernel(unsigned char const* const*, unsigned long const*, unsigned long const*, unsigned long, unsigned char* const*, unsigned long*, arctoStatus_t*, bool)",128,1024,0,68,4,80,"VALUUtilization",96.767894,6289835629705,6289837098805
44,44,"Agent 2",1,106370,106370,1024,8,"__amd_rocclr_copyBuffer",512,0,0,16,0,32,"GRBM_GUI_ACTIVE",234514.000000,6289837230099,6289837232705
44,44,"Agent 2",1,106370,106370,1024,8,"__amd_rocclr_copyBuffer",512,0,0,16,0,32,"OccupancyPercent",1.35517422e-02,6289837230099,6289837232705
44,44,"Agent 2",1,106370,106370,1024,8,"__amd_rocclr_copyBuffer",512,0,0,16,0,32,"MemUnitStalled",1.30753138e-02,6289837230099,6289837232705
44,44,"Agent 2",1,106370,106370,1024,8,"__amd_rocclr_copyBuffer",512,0,0,16,0,32,"SQ_BUSY_CYCLES",5957.000000,6289837230099,6289837232705
44,44,"Agent 2",1,106370,106370,1024,8,"__amd_rocclr_copyBuffer",512,0,0,16,0,32,"SQ_WAVES",16.000000,6289837230099,6289837232705
44,44,"Agent 2",1,106370,106370,1024,8,"__amd_rocclr_copyBuffer",512,0,0,16,0,32,"VALUUtilization",98.148148,6289837230099,6289837232705
45,45,"Agent 2",1,106370,106370,512,8,"__amd_rocclr_copyBuffer",512,0,0,16,0,32,"GRBM_GUI_ACTIVE",257738.000000,6289837327839,6289837330485
45,45,"Agent 2",1,106370,106370,512,8,"__amd_rocclr_copyBuffer",512,0,0,16,0,32,"OccupancyPercent",6.67685356e-03,6289837327839,6289837330485
45,45,"Agent 2",1,106370,106370,512,8,"__amd_rocclr_copyBuffer",512,0,0,16,0,32,"MemUnitStalled",8.92830844e-03,6289837327839,6289837330485
45,45,"Agent 2",1,106370,106370,512,8,"__amd_rocclr_copyBuffer",512,0,0,16,0,32,"SQ_BUSY_CYCLES",3077.000000,6289837327839,6289837330485
45,45,"Agent 2",1,106370,106370,512,8,"__amd_rocclr_copyBuffer",512,0,0,16,0,32,"SQ_WAVES",8.000000,6289837327839,6289837330485
45,45,"Agent 2",1,106370,106370,512,8,"__amd_rocclr_copyBuffer",512,0,0,16,0,32,"VALUUtilization",94.642857,6289837327839,6289837330485
46,46,"Agent 2",1,106370,106370,105280000,1,"void thrust::THRUST_200700_400000_NS::hip_rocprim::__parallel_for::kernel<256u, thrust::THRUST_200700_400000_NS::hip_rocprim::__uninitialized_fill::functor<thrust::THRUST_200700_400000_NS::device_ptr<unsigned char>, unsigned char>, unsigned long, 1u>(thrust::THRUST_200700_400000_NS::hip_rocprim::__uninitialized_fill::functor<thrust::THRUST_200700_400000_NS::device_ptr<unsigned char>, unsigned char>, unsigned long, unsigned long)",256,0,0,4,4,16,"GRBM_GUI_ACTIVE",3477977.000000,6289842610091,6289842809860
46,46,"Agent 2",1,106370,106370,105280000,1,"void thrust::THRUST_200700_400000_NS::hip_rocprim::__parallel_for::kernel<256u, thrust::THRUST_200700_400000_NS::hip_rocprim::__uninitialized_fill::functor<thrust::THRUST_200700_400000_NS::device_ptr<unsigned char>, unsigned char>, unsigned long, 1u>(thrust::THRUST_200700_400000_NS::hip_rocprim::__uninitialized_fill::functor<thrust::THRUST_200700_400000_NS::device_ptr<unsigned char>, unsigned char>, unsigned long, unsigned long)",256,0,0,4,4,16,"OccupancyPercent",19.468698,6289842610091,6289842809860
46,46,"Agent 2",1,106370,106370,105280000,1,"void thrust::THRUST_200700_400000_NS::hip_rocprim::__parallel_for::kernel<256u, thrust::THRUST_200700_400000_NS::hip_rocprim::__uninitialized_fill::functor<thrust::THRUST_200700_400000_NS::device_ptr<unsigned char>, unsigned char>, unsigned long, 1u>(thrust::THRUST_200700_400000_NS::hip_rocprim::__uninitialized_fill::functor<thrust::THRUST_200700_400000_NS::device_ptr<unsigned char>, unsigned char>, unsigned long, unsigned long)",256,0,0,4,4,16,"MemUnitStalled",1.82918987e-01,6289842610091,6289842809860
46,46,"Agent 2",1,106370,106370,105280000,1,"void thrust::THRUST_200700_400000_NS::hip_rocprim::__parallel_for::kernel<256u, thrust::THRUST_200700_400000_NS::hip_rocprim::__uninitialized_fill::functor<thrust::THRUST_200700_400000_NS::device_ptr<unsigned char>, unsigned char>, unsigned long, 1u>(thrust::THRUST_200700_400000_NS::hip_rocprim::__uninitialized_fill::functor<thrust::THRUST_200700_400000_NS::device_ptr<unsigned char>, unsigned char>, unsigned long, unsigned long)",256,0,0,4,4,16,"SQ_BUSY_CYCLES",13197941.000000,6289842610091,6289842809860
46,46,"Agent 2",1,106370,106370,105280000,1,"void thrust::THRUST_200700_400000_NS::hip_rocprim::__parallel_for::kernel<256u, thrust::THRUST_200700_400000_NS::hip_rocprim::__uninitialized_fill::functor<thrust::THRUST_200700_400000_NS::device_ptr<unsigned char>, unsigned char>, unsigned long, 1u>(thrust::THRUST_200700_400000_NS::hip_rocprim::__uninitialized_fill::functor<thrust::THRUST_200700_400000_NS::device_ptr<unsigned char>, unsigned char>, unsigned long, unsigned long)",256,0,0,4,4,16,"SQ_WAVES",1645000.000000,6289842610091,6289842809860
46,46,"Agent 2",1,106370,106370,105280000,1,"void thrust::THRUST_200700_400000_NS::hip_rocprim::__parallel_for::kernel<256u, thrust::THRUST_200700_400000_NS::hip_rocprim::__uninitialized_fill::functor<thrust::THRUST_200700_400000_NS::device_ptr<unsigned char>, unsigned char>, unsigned long, 1u>(thrust::THRUST_200700_400000_NS::hip_rocprim::__uninitialized_fill::functor<thrust::THRUST_200700_400000_NS::device_ptr<unsigned char>, unsigned char>, unsigned long, unsigned long)",256,0,0,4,4,16,"VALUUtilization",100.000000,6289842610091,6289842809860
47,47,"Agent 2",1,106370,106370,1024,8,"__amd_rocclr_copyBuffer",512,0,0,16,0,32,"GRBM_GUI_ACTIVE",281687.000000,6289843168947,6289843172915
47,47,"Agent 2",1,106370,106370,1024,8,"__amd_rocclr_copyBuffer",512,0,0,16,0,32,"OccupancyPercent",1.97368421e-02,6289843168947,6289843172915
47,47,"Agent 2",1,106370,106370,1024,8,"__amd_rocclr_copyBuffer",512,0,0,16,0,32,"MemUnitStalled",1.01397410e-02,6289843168947,6289843172915
47,47,"Agent 2",1,106370,106370,1024,8,"__amd_rocclr_copyBuffer",512,0,0,16,0,32,"SQ_BUSY_CYCLES",10447.000000,6289843168947,6289843172915
47,47,"Agent 2",1,106370,106370,1024,8,"__amd_rocclr_copyBuffer",512,0,0,16,0,32,"SQ_WAVES",16.000000,6289843168947,6289843172915
47,47,"Agent 2",1,106370,106370,1024,8,"__amd_rocclr_copyBuffer",512,0,0,16,0,32,"VALUUtilization",98.148148,6289843168947,6289843172915
48,48,"Agent 2",1,106370,106370,1024,8,"__amd_rocclr_copyBuffer",512,0,0,16,0,32,"GRBM_GUI_ACTIVE",271250.000000,6289843277350,6289843281158
48,48,"Agent 2",1,106370,106370,1024,8,"__amd_rocclr_copyBuffer",512,0,0,16,0,32,"OccupancyPercent",1.83105649e-02,6289843277350,6289843281158
48,48,"Agent 2",1,106370,106370,1024,8,"__amd_rocclr_copyBuffer",512,0,0,16,0,32,"MemUnitStalled",9.98066902e-03,6289843277350,6289843281158
48,48,"Agent 2",1,106370,106370,1024,8,"__amd_rocclr_copyBuffer",512,0,0,16,0,32,"SQ_BUSY_CYCLES",9371.000000,6289843277350,6289843281158
48,48,"Agent 2",1,106370,106370,1024,8,"__amd_rocclr_copyBuffer",512,0,0,16,0,32,"SQ_WAVES",16.000000,6289843277350,6289843281158
48,48,"Agent 2",1,106370,106370,1024,8,"__amd_rocclr_copyBuffer",512,0,0,16,0,32,"VALUUtilization",98.148148,6289843277350,6289843281158
49,49,"Agent 2",2,106370,106370,102400,14,"void arcto::lowlevel::lz4CompressBatchKernel<unsigned char>(unsigned char const* const*, unsigned long const*, unsigned char* const*, unsigned long*, unsigned short*, unsigned int, unsigned long)",256,1024,0,68,4,64,"GRBM_GUI_ACTIVE",338877410.000000,6289843369236,6289864625532
49,49,"Agent 2",2,106370,106370,102400,14,"void arcto::lowlevel::lz4CompressBatchKernel<unsigned char>(unsigned char const* const*, unsigned long const*, unsigned char* const*, unsigned long*, unsigned short*, unsigned int, unsigned long)",256,1024,0,68,4,64,"OccupancyPercent",9.423811,6289843369236,6289864625532
49,49,"Agent 2",2,106370,106370,102400,14,"void arcto::lowlevel::lz4CompressBatchKernel<unsigned char>(unsigned char const* const*, unsigned long const*, unsigned char* const*, unsigned long*, unsigned short*, unsigned int, unsigned long)",256,1024,0,68,4,64,"MemUnitStalled",3.04707999e-02,6289843369236,6289864625532
49,49,"Agent 2",2,106370,106370,102400,14,"void arcto::lowlevel::lz4CompressBatchKernel<unsigned char>(unsigned char const* const*, unsigned long const*, unsigned char* const*, unsigned long*, unsigned short*, unsigned int, unsigned long)",256,1024,0,68,4,64,"SQ_BUSY_CYCLES",962326249.000000,6289843369236,6289864625532
49,49,"Agent 2",2,106370,106370,102400,14,"void arcto::lowlevel::lz4CompressBatchKernel<unsigned char>(unsigned char const* const*, unsigned long const*, unsigned char* const*, unsigned long*, unsigned short*, unsigned int, unsigned long)",256,1024,0,68,4,64,"SQ_WAVES",1600.000000,6289843369236,6289864625532
49,49,"Agent 2",2,106370,106370,102400,14,"void arcto::lowlevel::lz4CompressBatchKernel<unsigned char>(unsigned char const* const*, unsigned long const*, unsigned char* const*, unsigned long*, unsigned short*, unsigned int, unsigned long)",256,1024,0,68,4,64,"VALUUtilization",94.539163,6289843369236,6289864625532
50,50,"Agent 2",1,106370,106370,1024,8,"__amd_rocclr_copyBuffer",512,0,0,16,0,32,"GRBM_GUI_ACTIVE",267920.000000,6289864875173,6289864878180
50,50,"Agent 2",1,106370,106370,1024,8,"__amd_rocclr_copyBuffer",512,0,0,16,0,32,"OccupancyPercent",1.50354117e-02,6289864875173,6289864878180
50,50,"Agent 2",1,106370,106370,1024,8,"__amd_rocclr_copyBuffer",512,0,0,16,0,32,"MemUnitStalled",7.55182554e-02,6289864875173,6289864878180
50,50,"Agent 2",1,106370,106370,1024,8,"__amd_rocclr_copyBuffer",512,0,0,16,0,32,"SQ_BUSY_CYCLES",7390.000000,6289864875173,6289864878180
50,50,"Agent 2",1,106370,106370,1024,8,"__amd_rocclr_copyBuffer",512,0,0,16,0,32,"SQ_WAVES",16.000000,6289864875173,6289864878180
50,50,"Agent 2",1,106370,106370,1024,8,"__amd_rocclr_copyBuffer",512,0,0,16,0,32,"VALUUtilization",98.148148,6289864875173,6289864878180
51,51,"Agent 2",1,106370,106370,1024,8,"__amd_rocclr_copyBuffer",512,0,0,16,0,32,"GRBM_GUI_ACTIVE",261956.000000,6289866616571,6289866620740
51,51,"Agent 2",1,106370,106370,1024,8,"__amd_rocclr_copyBuffer",512,0,0,16,0,32,"OccupancyPercent",2.22596057e-02,6289866616571,6289866620740
51,51,"Agent 2",1,106370,106370,1024,8,"__amd_rocclr_copyBuffer",512,0,0,16,0,32,"MemUnitStalled",9.68286049e-02,6289866616571,6289866620740
51,51,"Agent 2",1,106370,106370,1024,8,"__amd_rocclr_copyBuffer",512,0,0,16,0,32,"SQ_BUSY_CYCLES",10455.000000,6289866616571,6289866620740
51,51,"Agent 2",1,106370,106370,1024,8,"__amd_rocclr_copyBuffer",512,0,0,16,0,32,"SQ_WAVES",16.000000,6289866616571,6289866620740
51,51,"Agent 2",1,106370,106370,1024,8,"__amd_rocclr_copyBuffer",512,0,0,16,0,32,"VALUUtilization",98.148148,6289866616571,6289866620740
52,52,"Agent 2",2,106370,106370,102400,15,"arcto::lowlevel::lz4DecompressBatchKernel(unsigned char const* const*, unsigned long const*, unsigned long const*, unsigned long, unsigned char* const*, unsigned long*, arctoStatus_t*, bool)",128,1024,0,68,4,80,"GRBM_GUI_ACTIVE",24670935.000000,6289866713467,6289868175992
52,52,"Agent 2",2,106370,106370,102400,15,"arcto::lowlevel::lz4DecompressBatchKernel(unsigned char const* const*, unsigned long const*, unsigned long const*, unsigned long, unsigned char* const*, unsigned long*, arctoStatus_t*, bool)",128,1024,0,68,4,80,"OccupancyPercent",3.610806,6289866713467,6289868175992
52,52,"Agent 2",2,106370,106370,102400,15,"arcto::lowlevel::lz4DecompressBatchKernel(unsigned char const* const*, unsigned long const*, unsigned long const*, unsigned long, unsigned char* const*, unsigned long*, arctoStatus_t*, bool)",128,1024,0,68,4,80,"MemUnitStalled",5.40136418e-02,6289866713467,6289868175992
52,52,"Agent 2",2,106370,106370,102400,15,"arcto::lowlevel::lz4DecompressBatchKernel(unsigned char const* const*, unsigned long const*, unsigned long const*, unsigned long, unsigned char* const*, unsigned long*, arctoStatus_t*, bool)",128,1024,0,68,4,80,"SQ_BUSY_CYCLES",49034870.000000,6289866713467,6289868175992
52,52,"Agent 2",2,106370,106370,102400,15,"arcto::lowlevel::lz4DecompressBatchKernel(unsigned char const* const*, unsigned long const*, unsigned long const*, unsigned long, unsigned char* const*, unsigned long*, arctoStatus_t*, bool)",128,1024,0,68,4,80,"SQ_WAVES",1600.000000,6289866713467,6289868175992
52,52,"Agent 2",2,106370,106370,102400,15,"arcto::lowlevel::lz4DecompressBatchKernel(unsigned char const* const*, unsigned long const*, unsigned long const*, unsigned long, unsigned char* const*, unsigned long*, arctoStatus_t*, bool)",128,1024,0,68,4,80,"VALUUtilization",96.767894,6289866713467,6289868175992
53,53,"Agent 2",1,106370,106370,1024,8,"__amd_rocclr_copyBuffer",512,0,0,16,0,32,"GRBM_GUI_ACTIVE",235417.000000,6289868309852,6289868312579
53,53,"Agent 2",1,106370,106370,1024,8,"__amd_rocclr_copyBuffer",512,0,0,16,0,32,"OccupancyPercent",1.33204157e-02,6289868309852,6289868312579
53,53,"Agent 2",1,106370,106370,1024,8,"__amd_rocclr_copyBuffer",512,0,0,16,0,32,"MemUnitStalled",1.20728375e-02,6289868309852,6289868312579
53,53,"Agent 2",1,106370,106370,1024,8,"__amd_rocclr_copyBuffer",512,0,0,16,0,32,"SQ_BUSY_CYCLES",5989.000000,6289868309852,6289868312579
53,53,"Agent 2",1,106370,106370,1024,8,"__amd_rocclr_copyBuffer",512,0,0,16,0,32,"SQ_WAVES",16.000000,6289868309852,6289868312579
53,53,"Agent 2",1,106370,106370,1024,8,"__amd_rocclr_copyBuffer",512,0,0,16,0,32,"VALUUtilization",98.148148,6289868309852,6289868312579
54,54,"Agent 2",1,106370,106370,512,8,"__amd_rocclr_copyBuffer",512,0,0,16,0,32,"GRBM_GUI_ACTIVE",252168.000000,6289868405387,6289868408073
54,54,"Agent 2",1,106370,106370,512,8,"__amd_rocclr_copyBuffer",512,0,0,16,0,32,"OccupancyPercent",7.23842295e-03,6289868405387,6289868408073
54,54,"Agent 2",1,106370,106370,512,8,"__amd_rocclr_copyBuffer",512,0,0,16,0,32,"MemUnitStalled",1.12874591e-02,6289868405387,6289868408073
54,54,"Agent 2",1,106370,106370,512,8,"__amd_rocclr_copyBuffer",512,0,0,16,0,32,"SQ_BUSY_CYCLES",3209.000000,6289868405387,6289868408073
54,54,"Agent 2",1,106370,106370,512,8,"__amd_rocclr_copyBuffer",512,0,0,16,0,32,"SQ_WAVES",8.000000,6289868405387,6289868408073
54,54,"Agent 2",1,106370,106370,512,8,"__amd_rocclr_copyBuffer",512,0,0,16,0,32,"VALUUtilization",94.642857,6289868405387,6289868408073
55,55,"Agent 2",1,106370,106370,1024,8,"__amd_rocclr_copyBuffer",512,0,0,16,0,32,"GRBM_GUI_ACTIVE",250620.000000,6289868694156,6289868696801
55,55,"Agent 2",1,106370,106370,1024,8,"__amd_rocclr_copyBuffer",512,0,0,16,0,32,"OccupancyPercent",1.30497759e-02,6289868694156,6289868696801
55,55,"Agent 2",1,106370,106370,1024,8,"__amd_rocclr_copyBuffer",512,0,0,16,0,32,"MemUnitStalled",1.05468394e-02,6289868694156,6289868696801
55,55,"Agent 2",1,106370,106370,1024,8,"__amd_rocclr_copyBuffer",512,0,0,16,0,32,"SQ_BUSY_CYCLES",6092.000000,6289868694156,6289868696801
55,55,"Agent 2",1,106370,106370,1024,8,"__amd_rocclr_copyBuffer",512,0,0,16,0,32,"SQ_WAVES",16.000000,6289868694156,6289868696801
55,55,"Agent 2",1,106370,106370,1024,8,"__amd_rocclr_copyBuffer",512,0,0,16,0,32,"VALUUtilization",98.148148,6289868694156,6289868696801
