GPU,Algo,TestFile,Stage,ChunkSize,CompGBs,DecompGBs,TotalMs,Ratio,Speedup_vs_baseline
MI300X,cascaded,large_TTI_1024.bin,baseline,65536,126.50,617.52,357.52,1.030,1.00
MI300X,cascaded,large_TTI_1024.bin,+pinned,65536,126.52,617.63,31.52,1.030,11.34
MI300X,cascaded,large_TTI_1024.bin,+chunk_optim,8192,126.47,657.81,33.18,1.030,10.77
MI300X,cascaded,large_binary_1024.bin,baseline,65536,169.57,459.81,247.39,3.030,1.00
MI300X,cascaded,large_binary_1024.bin,+pinned,65536,169.52,460.84,33.37,3.030,7.41
MI300X,cascaded,large_binary_1024.bin,+chunk_optim,8192,177.87,399.38,33.99,3.030,7.28
MI300X,cascaded,large_random_1024.bin,baseline,65536,118.34,965.50,389.11,1.000,1.00
MI300X,cascaded,large_random_1024.bin,+pinned,65536,122.25,966.38,49.66,1.000,7.83
MI300X,cascaded,large_random_1024.bin,+chunk_optim,8192,130.28,730.26,48.99,1.000,7.94
MI300X,cascaded,large_zeros_1024.bin,baseline,65536,403.72,248.79,197.68,92.040,1.00
MI300X,cascaded,large_zeros_1024.bin,+pinned,65536,403.92,248.90,23.40,92.040,8.45
MI300X,cascaded,large_zeros_1024.bin,+chunk_optim,8192,394.65,234.46,23.55,85.330,8.40
MI300X,cascaded,medium_TTI_100.bin,baseline,65536,90.76,290.84,36.16,1.040,1.00
MI300X,cascaded,medium_TTI_100.bin,+pinned,65536,90.70,290.62,4.93,1.040,7.33
MI300X,cascaded,medium_TTI_100.bin,+chunk_optim,8192,124.58,683.75,4.62,1.050,7.83
MI300X,cascaded,medium_binary_100.bin,baseline,65536,112.18,432.67,24.65,3.040,1.00
MI300X,cascaded,medium_binary_100.bin,+pinned,65536,111.98,432.91,3.50,3.040,7.04
MI300X,cascaded,medium_binary_100.bin,+chunk_optim,8192,72.15,413.07,4.05,3.030,6.09
MI300X,cascaded,medium_random_100.bin,baseline,65536,88.10,1019.44,37.01,1.000,1.00
MI300X,cascaded,medium_random_100.bin,+pinned,65536,87.81,1008.50,5.10,1.000,7.26
MI300X,cascaded,medium_random_100.bin,+chunk_optim,8192,127.18,999.46,4.69,1.000,7.89
MI300X,cascaded,medium_zeros_100.bin,baseline,65536,306.99,167.94,18.17,92.040,1.00
MI300X,cascaded,medium_zeros_100.bin,+pinned,65536,307.47,168.58,2.29,92.040,7.94
MI300X,cascaded,medium_zeros_100.bin,+chunk_optim,8192,417.41,223.90,2.20,85.330,8.25
MI300X,cascaded,small_TTI_10.bin,baseline,65536,19.40,33.17,3.50,1.610,1.00
MI300X,cascaded,small_TTI_10.bin,+pinned,65536,19.53,33.42,0.90,1.610,3.91
MI300X,cascaded,small_TTI_10.bin,+chunk_optim,8192,107.01,169.72,0.45,1.620,7.78
MI300X,cascaded,small_binary_10.bin,baseline,65536,19.29,51.29,2.96,3.040,1.00
MI300X,cascaded,small_binary_10.bin,+pinned,65536,19.36,51.59,0.85,3.040,3.47
MI300X,cascaded,small_binary_10.bin,+chunk_optim,8192,92.87,251.47,0.44,3.030,6.76
MI300X,cascaded,small_random_10.bin,baseline,65536,18.89,227.08,4.46,1.000,1.00
MI300X,cascaded,small_random_10.bin,+pinned,65536,18.92,230.13,1.02,1.000,4.35
MI300X,cascaded,small_random_10.bin,+chunk_optim,8192,74.45,412.21,0.59,1.000,7.59
MI300X,cascaded,small_zeros_10.bin,baseline,65536,66.40,33.56,2.01,92.040,1.00
MI300X,cascaded,small_zeros_10.bin,+pinned,65536,64.33,33.60,0.40,92.040,5.00
MI300X,cascaded,small_zeros_10.bin,+chunk_optim,8192,246.16,114.41,0.29,85.330,6.89
MI300X,cascaded,xlarge_TTI_4096.bin,baseline,65536,133.82,724.54,2351.14,1.030,1.00
MI300X,cascaded,xlarge_TTI_4096.bin,+pinned,65536,133.83,726.48,173.01,1.030,13.59
MI300X,cascaded,xlarge_TTI_4096.bin,+chunk_optim,8192,129.45,599.04,174.73,1.030,13.46
MI300X,cascaded,xlarge_binary_4096.bin,baseline,65536,177.92,463.08,1122.10,3.040,1.00
MI300X,cascaded,xlarge_binary_4096.bin,+pinned,65536,175.49,462.96,129.36,3.040,8.67
MI300X,cascaded,xlarge_binary_4096.bin,+chunk_optim,8192,179.40,389.82,129.10,3.030,8.69
MI300X,cascaded,xlarge_random_4096.bin,baseline,65536,127.05,962.85,1579.49,1.000,1.00
MI300X,cascaded,xlarge_random_4096.bin,+pinned,65536,128.13,969.64,191.22,1.000,8.26
MI300X,cascaded,xlarge_random_4096.bin,+chunk_optim,8192,132.42,647.17,190.58,1.000,8.29
MI300X,cascaded,xlarge_zeros_4096.bin,baseline,65536,414.66,256.38,1096.21,92.040,1.00
MI300X,cascaded,xlarge_zeros_4096.bin,+pinned,65536,414.93,256.50,90.15,92.040,12.16
MI300X,cascaded,xlarge_zeros_4096.bin,+chunk_optim,8192,397.33,230.85,90.81,85.330,12.07
MI300X,lz4,large_TTI_1024.bin,baseline,65536,12.03,308.14,460.73,1.040,1.00
MI300X,lz4,large_TTI_1024.bin,+pinned,65536,12.00,305.59,87.59,1.040,5.26
MI300X,lz4,large_TTI_1024.bin,+chunk_optim,8192,17.83,715.59,67.99,1.040,6.78
MI300X,lz4,large_binary_1024.bin,baseline,65536,38.45,1100.93,246.72,3.250,1.00
MI300X,lz4,large_binary_1024.bin,+pinned,65536,37.59,1093.21,55.25,3.250,4.47
MI300X,lz4,large_binary_1024.bin,+chunk_optim,8192,52.56,1185.34,47.70,3.050,5.17
MI300X,lz4,large_random_1024.bin,baseline,65536,13.82,812.66,423.51,1.000,1.00
MI300X,lz4,large_random_1024.bin,+pinned,65536,13.68,806.90,119.38,1.000,3.55
MI300X,lz4,large_random_1024.bin,+chunk_optim,8192,18.21,904.27,100.05,1.000,4.23
MI300X,lz4,large_zeros_1024.bin,baseline,65536,812.24,1654.24,169.27,245.450,1.00
MI300X,lz4,large_zeros_1024.bin,+pinned,65536,811.71,1641.65,21.71,245.450,7.80
MI300X,lz4,large_zeros_1024.bin,+chunk_optim,8192,598.04,1561.39,22.36,190.510,7.57
MI300X,lz4,medium_TTI_100.bin,baseline,65536,4.89,71.26,57.09,1.060,1.00
MI300X,lz4,medium_TTI_100.bin,+pinned,65536,4.88,71.84,25.24,1.060,2.26
MI300X,lz4,medium_TTI_100.bin,+chunk_optim,8192,14.73,349.15,10.88,1.060,5.25
MI300X,lz4,medium_binary_100.bin,baseline,65536,8.66,406.36,33.52,3.260,1.00
MI300X,lz4,medium_binary_100.bin,+pinned,65536,8.66,405.12,14.63,3.260,2.29
MI300X,lz4,medium_binary_100.bin,+chunk_optim,8192,39.71,1170.03,5.22,3.060,6.42
MI300X,lz4,medium_random_100.bin,baseline,65536,7.67,336.40,47.02,1.000,1.00
MI300X,lz4,medium_random_100.bin,+pinned,65536,7.65,334.79,17.57,1.000,2.68
MI300X,lz4,medium_random_100.bin,+chunk_optim,8192,15.07,850.79,10.83,1.000,4.34
MI300X,lz4,medium_zeros_100.bin,baseline,65536,246.62,925.02,17.23,245.450,1.00
MI300X,lz4,medium_zeros_100.bin,+pinned,65536,244.00,925.50,2.36,245.450,7.29
MI300X,lz4,medium_zeros_100.bin,+chunk_optim,8192,525.35,1373.54,2.15,190.510,8.03
MI300X,lz4,small_TTI_10.bin,baseline,65536,0.53,7.42,22.63,1.650,1.00
MI300X,lz4,small_TTI_10.bin,+pinned,65536,0.53,7.41,20.26,1.650,1.12
MI300X,lz4,small_TTI_10.bin,+chunk_optim,8192,6.19,113.23,2.04,1.650,11.07
MI300X,lz4,small_binary_10.bin,baseline,65536,0.90,42.17,13.77,3.260,1.00
MI300X,lz4,small_binary_10.bin,+pinned,65536,0.90,42.26,11.87,3.260,1.16
MI300X,lz4,small_binary_10.bin,+chunk_optim,8192,7.03,274.85,1.84,3.060,7.48
MI300X,lz4,small_random_10.bin,baseline,65536,0.88,42.66,15.34,1.000,1.00
MI300X,lz4,small_random_10.bin,+pinned,65536,0.88,42.47,12.54,1.000,1.22
MI300X,lz4,small_random_10.bin,+chunk_optim,8192,6.68,265.96,2.05,1.000,7.48
MI300X,lz4,small_zeros_10.bin,baseline,65536,35.14,98.40,2.22,245.450,1.00
MI300X,lz4,small_zeros_10.bin,+pinned,65536,35.28,98.05,0.52,245.450,4.30
MI300X,lz4,small_zeros_10.bin,+chunk_optim,8192,187.02,523.31,0.28,190.510,7.97
MI300X,lz4,xlarge_TTI_4096.bin,baseline,65536,15.00,590.08,1521.24,1.040,1.00
MI300X,lz4,xlarge_TTI_4096.bin,+pinned,65536,14.96,582.22,407.49,1.040,3.73
MI300X,lz4,xlarge_TTI_4096.bin,+chunk_optim,8192,18.63,718.51,357.83,1.040,4.25
MI300X,lz4,xlarge_binary_4096.bin,baseline,65536,44.76,1214.56,1042.08,3.260,1.00
MI300X,lz4,xlarge_binary_4096.bin,+pinned,65536,44.64,1207.46,199.95,3.260,5.21
MI300X,lz4,xlarge_binary_4096.bin,+chunk_optim,8192,53.19,1185.36,185.64,3.060,5.61
MI300X,lz4,xlarge_random_4096.bin,baseline,65536,14.50,888.75,1731.31,1.000,1.00
MI300X,lz4,xlarge_random_4096.bin,+pinned,65536,14.60,873.05,455.25,1.000,3.80
MI300X,lz4,xlarge_random_4096.bin,+chunk_optim,8192,18.21,797.63,394.23,1.000,4.39
MI300X,lz4,xlarge_zeros_4096.bin,baseline,65536,848.03,1800.02,780.72,245.450,1.00
MI300X,lz4,xlarge_zeros_4096.bin,+pinned,65536,834.63,1812.31,84.40,245.450,9.25
MI300X,lz4,xlarge_zeros_4096.bin,+chunk_optim,8192,574.11,1756.11,86.88,190.510,8.99
MI300X,snappy,large_TTI_1024.bin,baseline,65536,83.57,300.59,405.42,1.030,1.00
MI300X,snappy,large_TTI_1024.bin,+pinned,65536,83.87,296.06,34.45,1.030,11.77
MI300X,snappy,large_TTI_1024.bin,+chunk_optim,8192,100.79,288.45,34.69,1.030,11.69
MI300X,snappy,large_binary_1024.bin,baseline,65536,80.38,273.13,238.51,2.950,1.00
MI300X,snappy,large_binary_1024.bin,+pinned,65536,80.69,256.80,42.75,2.950,5.58
MI300X,snappy,large_binary_1024.bin,+chunk_optim,8192,84.16,226.48,40.52,2.800,5.89
MI300X,snappy,large_random_1024.bin,baseline,65536,96.56,363.75,441.76,0.990,1.00
MI300X,snappy,large_random_1024.bin,+pinned,65536,96.86,394.20,52.14,0.990,8.47
MI300X,snappy,large_random_1024.bin,+chunk_optim,8192,107.53,341.62,51.03,0.990,8.66
MI300X,snappy,large_zeros_1024.bin,baseline,65536,70.68,229.92,233.56,21.300,1.00
MI300X,snappy,large_zeros_1024.bin,+pinned,65536,70.66,229.57,36.54,21.300,6.39
MI300X,snappy,large_zeros_1024.bin,+chunk_optim,8192,73.29,234.94,36.27,21.110,6.44
MI300X,snappy,medium_TTI_100.bin,baseline,65536,59.84,184.47,33.58,1.050,1.00
MI300X,snappy,medium_TTI_100.bin,+pinned,65536,60.05,184.30,5.51,1.050,6.09
MI300X,snappy,medium_TTI_100.bin,+chunk_optim,8192,95.05,307.59,4.91,1.050,6.83
MI300X,snappy,medium_binary_100.bin,baseline,65536,62.15,169.49,23.79,2.960,1.00
MI300X,snappy,medium_binary_100.bin,+pinned,65536,62.20,169.75,4.27,2.960,5.57
MI300X,snappy,medium_binary_100.bin,+chunk_optim,8192,84.13,215.97,4.20,2.810,5.66
MI300X,snappy,medium_random_100.bin,baseline,65536,82.40,341.39,34.53,0.990,1.00
MI300X,snappy,medium_random_100.bin,+pinned,65536,82.47,339.18,5.16,0.990,6.69
MI300X,snappy,medium_random_100.bin,+chunk_optim,8192,103.12,389.16,4.93,0.990,7.01
MI300X,snappy,medium_zeros_100.bin,baseline,65536,59.56,166.92,19.04,21.300,1.00
MI300X,snappy,medium_zeros_100.bin,+pinned,65536,59.56,166.17,3.83,21.300,4.97
MI300X,snappy,medium_zeros_100.bin,+chunk_optim,8192,73.75,222.06,3.45,21.110,5.52
MI300X,snappy,small_TTI_10.bin,baseline,65536,7.00,19.43,4.39,1.600,1.00
MI300X,snappy,small_TTI_10.bin,+pinned,65536,7.00,19.41,1.85,1.600,2.37
MI300X,snappy,small_TTI_10.bin,+chunk_optim,8192,52.92,125.43,0.61,1.600,7.17
MI300X,snappy,small_binary_10.bin,baseline,65536,7.11,19.30,3.69,2.960,1.00
MI300X,snappy,small_binary_10.bin,+pinned,65536,7.11,19.31,1.76,2.960,2.09
MI300X,snappy,small_binary_10.bin,+chunk_optim,8192,55.69,100.43,0.48,2.810,7.67
MI300X,snappy,small_random_10.bin,baseline,65536,11.36,43.49,5.32,0.990,1.00
MI300X,snappy,small_random_10.bin,+pinned,65536,11.37,43.37,1.35,0.990,3.93
MI300X,snappy,small_random_10.bin,+chunk_optim,8192,75.64,197.28,0.74,0.990,7.22
MI300X,snappy,small_zeros_10.bin,baseline,65536,7.00,19.35,3.56,21.300,1.00
MI300X,snappy,small_zeros_10.bin,+pinned,65536,7.03,19.30,1.74,21.300,2.05
MI300X,snappy,small_zeros_10.bin,+chunk_optim,8192,51.61,121.58,0.43,21.110,8.32
MI300X,snappy,xlarge_TTI_4096.bin,baseline,65536,98.30,331.19,1362.08,1.030,1.00
MI300X,snappy,xlarge_TTI_4096.bin,+pinned,65536,97.62,332.00,183.75,1.030,7.41
MI300X,snappy,xlarge_TTI_4096.bin,+chunk_optim,8192,105.48,271.98,184.25,1.030,7.39
MI300X,snappy,xlarge_binary_4096.bin,baseline,65536,83.40,283.61,1017.98,2.960,1.00
MI300X,snappy,xlarge_binary_4096.bin,+pinned,65536,82.80,284.65,157.44,2.960,6.47
MI300X,snappy,xlarge_binary_4096.bin,+chunk_optim,8192,84.72,223.04,158.48,2.810,6.42
MI300X,snappy,xlarge_random_4096.bin,baseline,65536,103.61,389.73,1488.18,0.990,1.00
MI300X,snappy,xlarge_random_4096.bin,+pinned,65536,103.03,390.91,202.54,0.990,7.35
MI300X,snappy,xlarge_random_4096.bin,+chunk_optim,8192,110.73,323.38,197.17,0.990,7.55
MI300X,snappy,xlarge_zeros_4096.bin,baseline,65536,73.71,255.60,825.64,21.300,1.00
MI300X,snappy,xlarge_zeros_4096.bin,+pinned,65536,73.24,255.20,141.26,21.300,5.84
MI300X,snappy,xlarge_zeros_4096.bin,+chunk_optim,8192,73.71,233.84,140.86,21.110,5.86
RX7900XT,cascaded,large_TTI_1024.bin,baseline,65536,61.10,175.87,217.37,1.030,1.00
RX7900XT,cascaded,large_TTI_1024.bin,+pinned,65536,61.56,173.89,64.44,1.030,3.37
RX7900XT,cascaded,large_TTI_1024.bin,+chunk_optim,65536,61.56,173.89,64.44,1.030,3.37
RX7900XT,cascaded,large_binary_1024.bin,baseline,65536,82.35,92.69,219.56,3.030,1.00
RX7900XT,cascaded,large_binary_1024.bin,+pinned,65536,82.46,91.90,65.98,3.030,3.33
RX7900XT,cascaded,large_binary_1024.bin,+chunk_optim,65536,82.46,91.90,65.98,3.030,3.33
RX7900XT,cascaded,large_random_1024.bin,baseline,65536,58.36,280.85,329.60,1.000,1.00
RX7900XT,cascaded,large_random_1024.bin,+pinned,65536,58.49,280.48,98.20,1.000,3.36
RX7900XT,cascaded,large_random_1024.bin,+chunk_optim,65536,58.49,280.48,98.20,1.000,3.36
RX7900XT,cascaded,large_zeros_1024.bin,baseline,65536,175.24,40.55,163.45,92.040,1.00
RX7900XT,cascaded,large_zeros_1024.bin,+pinned,65536,175.19,40.68,46.12,92.040,3.54
RX7900XT,cascaded,large_zeros_1024.bin,+chunk_optim,65536,175.19,40.68,46.12,92.040,3.54
RX7900XT,cascaded,medium_TTI_100.bin,baseline,65536,55.93,189.98,31.07,1.040,1.00
RX7900XT,cascaded,medium_TTI_100.bin,+pinned,65536,52.69,181.50,9.98,1.040,3.11
RX7900XT,cascaded,medium_TTI_100.bin,+chunk_optim,65536,52.69,181.50,9.98,1.040,3.11
RX7900XT,cascaded,medium_binary_100.bin,baseline,65536,70.26,165.30,21.67,3.040,1.00
RX7900XT,cascaded,medium_binary_100.bin,+pinned,65536,65.23,152.49,6.89,3.040,3.15
RX7900XT,cascaded,medium_binary_100.bin,+chunk_optim,65536,65.23,152.49,6.89,3.040,3.15
RX7900XT,cascaded,medium_random_100.bin,baseline,65536,53.27,329.24,32.33,1.000,1.00
RX7900XT,cascaded,medium_random_100.bin,+pinned,65536,49.94,326.53,10.06,1.000,3.21
RX7900XT,cascaded,medium_random_100.bin,+chunk_optim,65536,49.94,326.53,10.06,1.000,3.21
RX7900XT,cascaded,medium_zeros_100.bin,baseline,65536,146.60,50.48,16.93,92.040,1.00
RX7900XT,cascaded,medium_zeros_100.bin,+pinned,65536,144.27,47.56,4.71,92.040,3.59
RX7900XT,cascaded,medium_zeros_100.bin,+chunk_optim,65536,144.27,47.56,4.71,92.040,3.59
RX7900XT,cascaded,small_TTI_10.bin,baseline,65536,29.52,24.72,3.09,1.610,1.00
RX7900XT,cascaded,small_TTI_10.bin,+pinned,65536,28.81,24.08,1.22,1.610,2.52
RX7900XT,cascaded,small_TTI_10.bin,+chunk_optim,65536,28.81,24.08,1.22,1.610,2.52
RX7900XT,cascaded,small_binary_10.bin,baseline,65536,28.87,62.82,2.65,3.040,1.00
RX7900XT,cascaded,small_binary_10.bin,+pinned,65536,23.00,53.86,1.16,3.040,2.29
RX7900XT,cascaded,small_binary_10.bin,+chunk_optim,65536,23.00,53.86,1.16,3.040,2.29
RX7900XT,cascaded,small_random_10.bin,baseline,65536,27.37,190.82,4.37,1.000,1.00
RX7900XT,cascaded,small_random_10.bin,+pinned,65536,22.31,176.80,1.50,1.000,2.91
RX7900XT,cascaded,small_random_10.bin,+chunk_optim,65536,22.31,176.80,1.50,1.000,2.91
RX7900XT,cascaded,small_zeros_10.bin,baseline,65536,78.20,24.70,1.85,92.040,1.00
RX7900XT,cascaded,small_zeros_10.bin,+pinned,65536,67.92,20.51,0.69,92.040,2.67
RX7900XT,cascaded,small_zeros_10.bin,+chunk_optim,65536,67.92,20.51,0.69,92.040,2.67
RX7900XT,cascaded,xlarge_TTI_4096.bin,baseline,65536,59.98,215.43,1228.56,1.030,1.00
RX7900XT,cascaded,xlarge_TTI_4096.bin,+pinned,65536,60.05,214.49,351.65,1.030,3.49
RX7900XT,cascaded,xlarge_TTI_4096.bin,+chunk_optim,65536,60.05,214.49,351.65,1.030,3.49
RX7900XT,cascaded,xlarge_binary_4096.bin,baseline,65536,79.93,128.67,910.61,3.040,1.00
RX7900XT,cascaded,xlarge_binary_4096.bin,+pinned,65536,80.27,129.14,261.09,3.040,3.49
RX7900XT,cascaded,xlarge_binary_4096.bin,+chunk_optim,65536,80.27,129.14,261.09,3.040,3.49
RX7900XT,cascaded,xlarge_random_4096.bin,baseline,65536,57.24,276.28,1367.32,1.000,1.00
RX7900XT,cascaded,xlarge_random_4096.bin,+pinned,65536,57.21,276.03,388.80,1.000,3.52
RX7900XT,cascaded,xlarge_random_4096.bin,+chunk_optim,65536,57.21,276.03,388.80,1.000,3.52
RX7900XT,cascaded,xlarge_zeros_4096.bin,baseline,65536,175.19,54.42,676.53,92.040,1.00
RX7900XT,cascaded,xlarge_zeros_4096.bin,+pinned,65536,175.14,54.46,182.53,92.040,3.71
RX7900XT,cascaded,xlarge_zeros_4096.bin,+chunk_optim,65536,175.14,54.46,182.53,92.040,3.71
RX7900XT,lz4,large_TTI_1024.bin,baseline,65536,7.36,138.81,302.34,1.040,1.00
RX7900XT,lz4,large_TTI_1024.bin,+pinned,65536,7.38,135.96,149.95,1.040,2.02
RX7900XT,lz4,large_TTI_1024.bin,+chunk_optim,16384,11.22,160.55,115.84,1.040,2.61
RX7900XT,lz4,large_binary_1024.bin,baseline,65536,22.30,200.46,251.98,3.250,1.00
RX7900XT,lz4,large_binary_1024.bin,+pinned,65536,22.26,204.62,99.64,3.250,2.53
RX7900XT,lz4,large_binary_1024.bin,+chunk_optim,16384,29.01,204.73,88.97,3.160,2.83
RX7900XT,lz4,large_random_1024.bin,baseline,65536,7.29,171.26,459.85,1.000,1.00
RX7900XT,lz4,large_random_1024.bin,+pinned,65536,7.28,172.66,226.13,1.000,2.03
RX7900XT,lz4,large_random_1024.bin,+chunk_optim,16384,10.92,180.04,176.60,1.000,2.60
RX7900XT,lz4,large_zeros_1024.bin,baseline,65536,161.07,242.21,163.23,245.450,1.00
RX7900XT,lz4,large_zeros_1024.bin,+pinned,65536,161.09,242.46,46.24,245.450,3.53
RX7900XT,lz4,large_zeros_1024.bin,+chunk_optim,16384,139.24,243.13,47.09,218.450,3.47
RX7900XT,lz4,medium_TTI_100.bin,baseline,65536,5.95,93.00,47.31,1.060,1.00
RX7900XT,lz4,medium_TTI_100.bin,+pinned,65536,5.91,93.02,25.73,1.060,1.84
RX7900XT,lz4,medium_TTI_100.bin,+chunk_optim,16384,9.97,185.49,18.28,1.060,2.59
RX7900XT,lz4,medium_binary_100.bin,baseline,65536,15.81,205.20,26.51,3.260,1.00
RX7900XT,lz4,medium_binary_100.bin,+pinned,65536,15.63,201.87,12.03,3.260,2.20
RX7900XT,lz4,medium_binary_100.bin,+chunk_optim,16384,21.81,245.20,10.15,3.170,2.61
RX7900XT,lz4,medium_random_100.bin,baseline,65536,5.58,172.31,49.25,1.000,1.00
RX7900XT,lz4,medium_random_100.bin,+pinned,65536,5.56,171.72,27.25,1.000,1.81
RX7900XT,lz4,medium_random_100.bin,+chunk_optim,16384,9.50,195.68,19.51,1.000,2.52
RX7900XT,lz4,medium_zeros_100.bin,baseline,65536,102.70,412.65,15.81,245.450,1.00
RX7900XT,lz4,medium_zeros_100.bin,+pinned,65536,100.69,390.53,5.02,245.450,3.15
RX7900XT,lz4,medium_zeros_100.bin,+chunk_optim,16384,98.61,270.31,5.32,218.450,2.97
RX7900XT,lz4,small_TTI_10.bin,baseline,65536,1.57,12.85,9.32,1.650,1.00
RX7900XT,lz4,small_TTI_10.bin,+pinned,65536,1.57,12.85,7.52,1.650,1.24
RX7900XT,lz4,small_TTI_10.bin,+chunk_optim,16384,6.08,50.09,2.58,1.650,3.61
RX7900XT,lz4,small_binary_10.bin,baseline,65536,2.12,39.67,7.13,3.260,1.00
RX7900XT,lz4,small_binary_10.bin,+pinned,65536,2.12,39.59,5.63,3.260,1.27
RX7900XT,lz4,small_binary_10.bin,+chunk_optim,16384,7.43,121.32,2.08,3.170,3.42
RX7900XT,lz4,small_random_10.bin,baseline,65536,1.87,42.62,8.89,1.000,1.00
RX7900XT,lz4,small_random_10.bin,+pinned,65536,1.87,42.66,6.61,1.000,1.35
RX7900XT,lz4,small_random_10.bin,+chunk_optim,16384,6.88,119.67,2.36,1.000,3.77
RX7900XT,lz4,small_zeros_10.bin,baseline,65536,29.78,80.88,2.05,245.450,1.00
RX7900XT,lz4,small_zeros_10.bin,+pinned,65536,29.28,78.49,0.87,245.450,2.35
RX7900XT,lz4,small_zeros_10.bin,+chunk_optim,16384,62.18,208.56,0.67,218.450,3.08
RX7900XT,lz4,xlarge_TTI_4096.bin,baseline,65536,7.42,189.84,1687.33,1.040,1.00
RX7900XT,lz4,xlarge_TTI_4096.bin,+pinned,65536,7.41,189.17,818.68,1.040,2.06
RX7900XT,lz4,xlarge_TTI_4096.bin,+chunk_optim,16384,10.91,199.26,645.55,1.040,2.61
RX7900XT,lz4,xlarge_binary_4096.bin,baseline,65536,22.46,244.76,1034.24,3.260,1.00
RX7900XT,lz4,xlarge_binary_4096.bin,+pinned,65536,22.47,244.27,396.45,3.260,2.61
RX7900XT,lz4,xlarge_binary_4096.bin,+chunk_optim,16384,30.74,244.26,346.94,3.170,2.98
RX7900XT,lz4,xlarge_random_4096.bin,baseline,65536,7.23,206.94,1885.77,1.000,1.00
RX7900XT,lz4,xlarge_random_4096.bin,+pinned,65536,7.23,207.08,911.02,1.000,2.07
RX7900XT,lz4,xlarge_random_4096.bin,+chunk_optim,16384,10.38,209.83,729.15,1.000,2.59
RX7900XT,lz4,xlarge_zeros_4096.bin,baseline,65536,165.95,303.32,673.94,245.450,1.00
RX7900XT,lz4,xlarge_zeros_4096.bin,+pinned,65536,166.12,303.20,182.88,245.450,3.69
RX7900XT,lz4,xlarge_zeros_4096.bin,+chunk_optim,16384,144.47,303.31,187.59,218.450,3.59
RX7900XT,snappy,large_TTI_1024.bin,baseline,65536,26.06,75.90,232.33,1.030,1.00
RX7900XT,snappy,large_TTI_1024.bin,+pinned,65536,26.00,74.71,79.69,1.030,2.92
RX7900XT,snappy,large_TTI_1024.bin,+chunk_optim,32768,27.03,64.81,78.70,1.030,2.95
RX7900XT,snappy,large_binary_1024.bin,baseline,65536,27.87,73.25,246.73,2.950,1.00
RX7900XT,snappy,large_binary_1024.bin,+pinned,65536,27.87,72.99,91.16,2.950,2.71
RX7900XT,snappy,large_binary_1024.bin,+chunk_optim,32768,28.19,73.74,90.48,2.930,2.73
RX7900XT,snappy,large_random_1024.bin,baseline,65536,27.08,73.77,351.89,0.990,1.00
RX7900XT,snappy,large_random_1024.bin,+pinned,65536,27.11,74.16,118.39,0.990,2.97
RX7900XT,snappy,large_random_1024.bin,+chunk_optim,32768,27.88,74.79,117.66,0.990,2.99
RX7900XT,snappy,large_zeros_1024.bin,baseline,65536,28.73,60.38,199.99,21.300,1.00
RX7900XT,snappy,large_zeros_1024.bin,+pinned,65536,28.71,60.32,78.78,21.300,2.54
RX7900XT,snappy,large_zeros_1024.bin,+chunk_optim,32768,28.76,61.03,78.46,21.260,2.55
RX7900XT,snappy,medium_TTI_100.bin,baseline,65536,23.63,106.53,35.66,1.050,1.00
RX7900XT,snappy,medium_TTI_100.bin,+pinned,65536,23.22,104.76,12.24,1.050,2.91
RX7900XT,snappy,medium_TTI_100.bin,+chunk_optim,32768,24.54,101.55,11.99,1.050,2.97
RX7900XT,snappy,medium_binary_100.bin,baseline,65536,24.84,122.49,24.54,2.960,1.00
RX7900XT,snappy,medium_binary_100.bin,+pinned,65536,24.31,118.96,9.36,2.960,2.62
RX7900XT,snappy,medium_binary_100.bin,+chunk_optim,32768,25.10,114.88,9.24,2.940,2.66
RX7900XT,snappy,medium_random_100.bin,baseline,65536,24.54,119.19,34.78,0.990,1.00
RX7900XT,snappy,medium_random_100.bin,+pinned,65536,24.06,116.18,12.37,0.990,2.81
RX7900XT,snappy,medium_random_100.bin,+chunk_optim,32768,25.21,110.13,11.84,0.990,2.94
RX7900XT,snappy,medium_zeros_100.bin,baseline,65536,25.35,93.67,19.60,21.300,1.00
RX7900XT,snappy,medium_zeros_100.bin,+pinned,65536,24.77,91.63,8.34,21.300,2.35
RX7900XT,snappy,medium_zeros_100.bin,+chunk_optim,32768,25.40,87.61,8.23,21.260,2.38
RX7900XT,snappy,small_TTI_10.bin,baseline,65536,9.42,23.26,3.93,1.600,1.00
RX7900XT,snappy,small_TTI_10.bin,+pinned,65536,9.37,23.21,1.99,1.600,1.97
RX7900XT,snappy,small_TTI_10.bin,+chunk_optim,32768,15.83,43.04,1.53,1.600,2.56
RX7900XT,snappy,small_binary_10.bin,baseline,65536,9.94,29.18,3.37,2.960,1.00
RX7900XT,snappy,small_binary_10.bin,+pinned,65536,9.85,28.97,1.75,2.960,1.92
RX7900XT,snappy,small_binary_10.bin,+chunk_optim,32768,17.02,51.95,1.34,2.940,2.51
RX7900XT,snappy,small_random_10.bin,baseline,65536,9.55,37.21,4.52,0.990,1.00
RX7900XT,snappy,small_random_10.bin,+pinned,65536,9.50,36.92,2.15,0.990,2.11
RX7900XT,snappy,small_random_10.bin,+chunk_optim,32768,16.25,63.26,1.72,0.990,2.62
RX7900XT,snappy,small_zeros_10.bin,baseline,65536,9.70,24.35,2.87,21.300,1.00
RX7900XT,snappy,small_zeros_10.bin,+pinned,65536,9.59,24.18,1.63,21.300,1.76
RX7900XT,snappy,small_zeros_10.bin,+chunk_optim,32768,17.63,44.77,1.14,21.260,2.53
RX7900XT,snappy,xlarge_TTI_4096.bin,baseline,65536,26.74,98.82,1307.18,1.030,1.00
RX7900XT,snappy,xlarge_TTI_4096.bin,+pinned,65536,26.75,98.81,430.95,1.030,3.03
RX7900XT,snappy,xlarge_TTI_4096.bin,+chunk_optim,32768,27.44,98.73,430.65,1.030,3.04
RX7900XT,snappy,xlarge_binary_4096.bin,baseline,65536,28.17,109.88,1015.59,2.960,1.00
RX7900XT,snappy,xlarge_binary_4096.bin,+pinned,65536,28.16,110.25,363.55,2.960,2.79
RX7900XT,snappy,xlarge_binary_4096.bin,+chunk_optim,32768,28.34,108.32,361.34,2.940,2.81
RX7900XT,snappy,xlarge_random_4096.bin,baseline,65536,27.53,106.72,1452.26,0.990,1.00
RX7900XT,snappy,xlarge_random_4096.bin,+pinned,65536,27.51,106.67,470.53,0.990,3.09
RX7900XT,snappy,xlarge_random_4096.bin,+chunk_optim,32768,28.17,106.01,467.65,0.990,3.11
RX7900XT,snappy,xlarge_zeros_4096.bin,baseline,65536,28.88,85.41,823.80,21.300,1.00
RX7900XT,snappy,xlarge_zeros_4096.bin,+pinned,65536,28.88,85.56,312.46,21.300,2.64
RX7900XT,snappy,xlarge_zeros_4096.bin,+chunk_optim,32768,28.82,84.85,313.86,21.260,2.62
